N,r,Sim,MatrixType,Target,Method,Time_ms,Estimate,True_Value,RelError
2000,5,0,tr(A) ~ ||A||_F,Tr(S),Hutchinson,4.9065,2254.55,2000,0.127275
2000,5,0,tr(A) ~ ||A||_F,Tr(S),Hutch++,3.60027,2000,2000,1.02318e-15
2000,5,0,tr(A) ~ ||A||_F,Tr(SS),Hutchinson,3.39494,4.5091e+06,4e+06,0.127275
2000,5,0,tr(A) ~ ||A||_F,Tr(SS),Hutch++,3.36476,4e+06,4e+06,1.35042e-14
2000,5,1,tr(A) ~ ||A||_F,Tr(S),Hutchinson,3.04777,1310.93,2000,0.344534
2000,5,1,tr(A) ~ ||A||_F,Tr(S),Hutch++,3.00261,2000,2000,6.82121e-16
2000,5,1,tr(A) ~ ||A||_F,Tr(SS),Hutchinson,3.02435,2.62186e+06,4e+06,0.344534
2000,5,1,tr(A) ~ ||A||_F,Tr(SS),Hutch++,2.97201,4e+06,4e+06,1.36206e-14
2000,5,2,tr(A) ~ ||A||_F,Tr(S),Hutchinson,3.13044,1399.44,2000,0.30028
2000,5,2,tr(A) ~ ||A||_F,Tr(S),Hutch++,2.92094,2000,2000,6.82121e-16
2000,5,2,tr(A) ~ ||A||_F,Tr(SS),Hutchinson,2.98886,2.79888e+06,4e+06,0.30028
2000,5,2,tr(A) ~ ||A||_F,Tr(SS),Hutch++,2.56298,4e+06,4e+06,1.3737e-14
2000,5,3,tr(A) ~ ||A||_F,Tr(S),Hutchinson,2.85085,3246.97,2000,0.623483
2000,5,3,tr(A) ~ ||A||_F,Tr(S),Hutch++,2.58763,2000,2000,1.47793e-15
2000,5,3,tr(A) ~ ||A||_F,Tr(SS),Hutchinson,2.77542,6.49393e+06,4e+06,0.623483
2000,5,3,tr(A) ~ ||A||_F,Tr(SS),Hutch++,2.65348,4e+06,4e+06,1.32713e-14
2000,5,4,tr(A) ~ ||A||_F,Tr(S),Hutchinson,2.97395,2622,2000,0.311
2000,5,4,tr(A) ~ ||A||_F,Tr(S),Hutch++,2.72485,2000,2000,3.41061e-16
2000,5,4,tr(A) ~ ||A||_F,Tr(SS),Hutchinson,2.84192,5.244e+06,4e+06,0.311
2000,5,4,tr(A) ~ ||A||_F,Tr(SS),Hutch++,2.56299,4e+06,4e+06,1.32713e-14
2000,5,5,tr(A) ~ ||A||_F,Tr(S),Hutchinson,2.80159,1529.87,2000,0.235064
2000,5,5,tr(A) ~ ||A||_F,Tr(S),Hutch++,2.56725,2000,2000,1.36424e-15
2000,5,5,tr(A) ~ ||A||_F,Tr(SS),Hutchinson,2.86892,3.05974e+06,4e+06,0.235064
2000,5,5,tr(A) ~ ||A||_F,Tr(SS),Hutch++,2.61948,4e+06,4e+06,1.36206e-14
2000,5,6,tr(A) ~ ||A||_F,Tr(S),Hutchinson,2.73825,3473.37,2000,0.736686
2000,5,6,tr(A) ~ ||A||_F,Tr(S),Hutch++,2.76595,2000,2000,7.95808e-16
2000,5,6,tr(A) ~ ||A||_F,Tr(SS),Hutchinson,2.79957,6.94674e+06,4e+06,0.736686
2000,5,6,tr(A) ~ ||A||_F,Tr(SS),Hutch++,2.79689,4e+06,4e+06,1.3737e-14
2000,5,7,tr(A) ~ ||A||_F,Tr(S),Hutchinson,3.93739,419.624,2000,0.790188
2000,5,7,tr(A) ~ ||A||_F,Tr(S),Hutch++,3.68067,2000,2000,5.68434e-16
2000,5,7,tr(A) ~ ||A||_F,Tr(SS),Hutchinson,3.10141,839248,4e+06,0.790188
2000,5,7,tr(A) ~ ||A||_F,Tr(SS),Hutch++,3.00447,4e+06,4e+06,1.35042e-14
2000,5,8,tr(A) ~ ||A||_F,Tr(S),Hutchinson,3.24529,996.24,2000,0.50188
2000,5,8,tr(A) ~ ||A||_F,Tr(S),Hutch++,2.9089,2000,2000,9.09495e-16
2000,5,8,tr(A) ~ ||A||_F,Tr(SS),Hutchinson,3.18994,1.99248e+06,4e+06,0.50188
2000,5,8,tr(A) ~ ||A||_F,Tr(SS),Hutch++,3.28912,4e+06,4e+06,1.3737e-14
2000,5,9,tr(A) ~ ||A||_F,Tr(S),Hutchinson,3.43735,5843.11,2000,1.92155
2000,5,9,tr(A) ~ ||A||_F,Tr(S),Hutch++,4.00335,2000,2000,5.68434e-16
2000,5,9,tr(A) ~ ||A||_F,Tr(SS),Hutchinson,3.17025,1.16862e+07,4e+06,1.92155
2000,5,9,tr(A) ~ ||A||_F,Tr(SS),Hutch++,3.46733,4e+06,4e+06,1.35042e-14
2000,5,10,tr(A) ~ ||A||_F,Tr(S),Hutchinson,2.91778,1375.3,2000,0.312352
2000,5,10,tr(A) ~ ||A||_F,Tr(S),Hutch++,2.68155,2000,2000,6.82121e-16
2000,5,10,tr(A) ~ ||A||_F,Tr(SS),Hutchinson,2.89372,2.75059e+06,4e+06,0.312352
2000,5,10,tr(A) ~ ||A||_F,Tr(SS),Hutch++,2.5919,4e+06,4e+06,1.3737e-14
2000,5,11,tr(A) ~ ||A||_F,Tr(S),Hutchinson,2.70442,2256.68,2000,0.12834
2000,5,11,tr(A) ~ ||A||_F,Tr(S),Hutch++,2.5574,2000,2000,7.95808e-16
2000,5,11,tr(A) ~ ||A||_F,Tr(SS),Hutchinson,2.95998,4.51336e+06,4e+06,0.12834
2000,5,11,tr(A) ~ ||A||_F,Tr(SS),Hutch++,2.5821,4e+06,4e+06,1.36206e-14
2000,5,12,tr(A) ~ ||A||_F,Tr(S),Hutchinson,2.99135,632.813,2000,0.683594
2000,5,12,tr(A) ~ ||A||_F,Tr(S),Hutch++,2.57206,2000,2000,1.02318e-15
2000,5,12,tr(A) ~ ||A||_F,Tr(SS),Hutchinson,2.79628,1.26563e+06,4e+06,0.683594
2000,5,12,tr(A) ~ ||A||_F,Tr(SS),Hutch++,2.58057,4e+06,4e+06,1.35042e-14
2000,5,13,tr(A) ~ ||A||_F,Tr(S),Hutchinson,2.79736,1348.43,2000,0.325783
2000,5,13,tr(A) ~ ||A||_F,Tr(S),Hutch++,2.61565,2000,2000,5.68434e-16
2000,5,13,tr(A) ~ ||A||_F,Tr(SS),Hutchinson,2.74917,2.69687e+06,4e+06,0.325783
2000,5,13,tr(A) ~ ||A||_F,Tr(SS),Hutch++,2.62744,4e+06,4e+06,1.35042e-14
2000,5,14,tr(A) ~ ||A||_F,Tr(S),Hutchinson,2.7924,1087.51,2000,0.456247
2000,5,14,tr(A) ~ ||A||_F,Tr(S),Hutch++,2.58565,2000,2000,1.02318e-15
2000,5,14,tr(A) ~ ||A||_F,Tr(SS),Hutchinson,2.88557,2.17501e+06,4e+06,0.456247
2000,5,14,tr(A) ~ ||A||_F,Tr(SS),Hutch++,2.85185,4e+06,4e+06,1.32713e-14
2000,5,15,tr(A) ~ ||A||_F,Tr(S),Hutchinson,2.82309,1201.17,2000,0.399415
2000,5,15,tr(A) ~ ||A||_F,Tr(S),Hutch++,3.25716,2000,2000,5.68434e-16
2000,5,15,tr(A) ~ ||A||_F,Tr(SS),Hutchinson,2.98805,2.40234e+06,4e+06,0.399415
2000,5,15,tr(A) ~ ||A||_F,Tr(SS),Hutch++,3.15835,4e+06,4e+06,1.35042e-14
2000,5,16,tr(A) ~ ||A||_F,Tr(S),Hutchinson,2.80472,1178.04,2000,0.410982
2000,5,16,tr(A) ~ ||A||_F,Tr(S),Hutch++,2.54822,2000,2000,2.27374e-16
2000,5,16,tr(A) ~ ||A||_F,Tr(SS),Hutchinson,2.70427,2.35607e+06,4e+06,0.410982
2000,5,16,tr(A) ~ ||A||_F,Tr(SS),Hutch++,2.60714,4e+06,4e+06,1.36206e-14
2000,5,17,tr(A) ~ ||A||_F,Tr(S),Hutchinson,2.85524,863.297,2000,0.568351
2000,5,17,tr(A) ~ ||A||_F,Tr(S),Hutch++,2.58507,2000,2000,1.13687e-15
2000,5,17,tr(A) ~ ||A||_F,Tr(SS),Hutchinson,2.78531,1.72659e+06,4e+06,0.568351
2000,5,17,tr(A) ~ ||A||_F,Tr(SS),Hutch++,2.62864,4e+06,4e+06,1.35042e-14
2000,5,18,tr(A) ~ ||A||_F,Tr(S),Hutchinson,2.82307,3911.85,2000,0.955924
2000,5,18,tr(A) ~ ||A||_F,Tr(S),Hutch++,2.47999,2000,2000,1.13687e-16
2000,5,18,tr(A) ~ ||A||_F,Tr(SS),Hutchinson,2.71636,7.8237e+06,4e+06,0.955924
2000,5,18,tr(A) ~ ||A||_F,Tr(SS),Hutch++,2.61859,4e+06,4e+06,1.32713e-14
2000,5,19,tr(A) ~ ||A||_F,Tr(S),Hutchinson,2.70832,1711.77,2000,0.144113
2000,5,19,tr(A) ~ ||A||_F,Tr(S),Hutch++,2.58425,2000,2000,4.54747e-16
2000,5,19,tr(A) ~ ||A||_F,Tr(SS),Hutchinson,2.75875,3.42355e+06,4e+06,0.144113
2000,5,19,tr(A) ~ ||A||_F,Tr(SS),Hutch++,2.5324,4e+06,4e+06,1.32713e-14
2000,10,0,tr(A) ~ ||A||_F,Tr(S),Hutchinson,3.64979,2529.48,2000,0.264738
2000,10,0,tr(A) ~ ||A||_F,Tr(S),Hutch++,7.7128,2000,2000,5.68434e-16
2000,10,0,tr(A) ~ ||A||_F,Tr(SS),Hutchinson,3.15362,5.05895e+06,4e+06,0.264738
2000,10,0,tr(A) ~ ||A||_F,Tr(SS),Hutch++,7.7406,4e+06,4e+06,1.32713e-14
2000,10,1,tr(A) ~ ||A||_F,Tr(S),Hutchinson,3.19335,3553.71,2000,0.776855
2000,10,1,tr(A) ~ ||A||_F,Tr(S),Hutch++,7.63299,2000,2000,5.68434e-16
2000,10,1,tr(A) ~ ||A||_F,Tr(SS),Hutchinson,3.17004,7.10742e+06,4e+06,0.776855
2000,10,1,tr(A) ~ ||A||_F,Tr(SS),Hutch++,7.76799,4e+06,4e+06,1.32713e-14
2000,10,2,tr(A) ~ ||A||_F,Tr(S),Hutchinson,3.42238,677.095,2000,0.661452
2000,10,2,tr(A) ~ ||A||_F,Tr(S),Hutch++,8.87139,2000,2000,4.54747e-16
2000,10,2,tr(A) ~ ||A||_F,Tr(SS),Hutchinson,3.3003,1.35419e+06,4e+06,0.661452
2000,10,2,tr(A) ~ ||A||_F,Tr(SS),Hutch++,8.03099,4e+06,4e+06,1.35042e-14
2000,10,3,tr(A) ~ ||A||_F,Tr(S),Hutchinson,3.29328,1349.58,2000,0.325208
2000,10,3,tr(A) ~ ||A||_F,Tr(S),Hutch++,7.83136,2000,2000,1.02318e-15
2000,10,3,tr(A) ~ ||A||_F,Tr(SS),Hutchinson,3.12436,2.69917e+06,4e+06,0.325208
2000,10,3,tr(A) ~ ||A||_F,Tr(SS),Hutch++,7.61288,4e+06,4e+06,1.3737e-14
2000,10,4,tr(A) ~ ||A||_F,Tr(S),Hutchinson,3.24473,2024.06,2000,0.0120307
2000,10,4,tr(A) ~ ||A||_F,Tr(S),Hutch++,8.66917,2000,2000,6.82121e-16
2000,10,4,tr(A) ~ ||A||_F,Tr(SS),Hutchinson,3.39441,4.04812e+06,4e+06,0.0120307
2000,10,4,tr(A) ~ ||A||_F,Tr(SS),Hutch++,8.2427,4e+06,4e+06,1.3737e-14
2000,10,5,tr(A) ~ ||A||_F,Tr(S),Hutchinson,3.32075,2772.75,2000,0.386375
2000,10,5,tr(A) ~ ||A||_F,Tr(S),Hutch++,7.84018,2000,2000,2.27374e-16
2000,10,5,tr(A) ~ ||A||_F,Tr(SS),Hutchinson,3.21507,5.5455e+06,4e+06,0.386375
2000,10,5,tr(A) ~ ||A||_F,Tr(SS),Hutch++,7.68438,4e+06,4e+06,1.3737e-14
2000,10,6,tr(A) ~ ||A||_F,Tr(S),Hutchinson,3.25987,1900.3,2000,0.0498521
2000,10,6,tr(A) ~ ||A||_F,Tr(S),Hutch++,8.58546,2000,2000,6.82121e-16
2000,10,6,tr(A) ~ ||A||_F,Tr(SS),Hutchinson,3.39145,3.80059e+06,4e+06,0.0498521
2000,10,6,tr(A) ~ ||A||_F,Tr(SS),Hutch++,8.43029,4e+06,4e+06,1.3737e-14
2000,10,7,tr(A) ~ ||A||_F,Tr(S),Hutchinson,3.78924,1771.31,2000,0.114343
2000,10,7,tr(A) ~ ||A||_F,Tr(S),Hutch++,8.03054,2000,2000,1.47793e-15
2000,10,7,tr(A) ~ ||A||_F,Tr(SS),Hutchinson,3.19783,3.54263e+06,4e+06,0.114343
2000,10,7,tr(A) ~ ||A||_F,Tr(SS),Hutch++,7.71163,4e+06,4e+06,1.32713e-14
2000,10,8,tr(A) ~ ||A||_F,Tr(S),Hutchinson,3.35955,917.086,2000,0.541457
2000,10,8,tr(A) ~ ||A||_F,Tr(S),Hutch++,7.66485,2000,2000,1.25056e-15
2000,10,8,tr(A) ~ ||A||_F,Tr(SS),Hutchinson,3.16503,1.83417e+06,4e+06,0.541457
2000,10,8,tr(A) ~ ||A||_F,Tr(SS),Hutch++,7.65569,4e+06,4e+06,1.38534e-14
2000,10,9,tr(A) ~ ||A||_F,Tr(S),Hutchinson,3.20678,1096.72,2000,0.451642
2000,10,9,tr(A) ~ ||A||_F,Tr(S),Hutch++,7.65623,2000,2000,1.13687e-15
2000,10,9,tr(A) ~ ||A||_F,Tr(SS),Hutchinson,3.15423,2.19343e+06,4e+06,0.451642
2000,10,9,tr(A) ~ ||A||_F,Tr(SS),Hutch++,7.64972,4e+06,4e+06,1.3737e-14
2000,10,10,tr(A) ~ ||A||_F,Tr(S),Hutchinson,3.16335,1349.39,2000,0.325307
2000,10,10,tr(A) ~ ||A||_F,Tr(S),Hutch++,7.72392,2000,2000,6.82121e-16
2000,10,10,tr(A) ~ ||A||_F,Tr(SS),Hutchinson,3.28896,2.69877e+06,4e+06,0.325307
2000,10,10,tr(A) ~ ||A||_F,Tr(SS),Hutch++,8.50241,4e+06,4e+06,1.35042e-14
2000,10,11,tr(A) ~ ||A||_F,Tr(S),Hutchinson,3.25152,3807.76,2000,0.903878
2000,10,11,tr(A) ~ ||A||_F,Tr(S),Hutch++,8.38996,2000,2000,5.68434e-16
2000,10,11,tr(A) ~ ||A||_F,Tr(SS),Hutchinson,3.23801,7.61551e+06,4e+06,0.903878
2000,10,11,tr(A) ~ ||A||_F,Tr(SS),Hutch++,8.11233,4e+06,4e+06,1.3737e-14
2000,10,12,tr(A) ~ ||A||_F,Tr(S),Hutchinson,3.34943,908.033,2000,0.545984
2000,10,12,tr(A) ~ ||A||_F,Tr(S),Hutch++,7.74588,2000,2000,1.47793e-15
2000,10,12,tr(A) ~ ||A||_F,Tr(SS),Hutchinson,3.22512,1.81607e+06,4e+06,0.545984
2000,10,12,tr(A) ~ ||A||_F,Tr(SS),Hutch++,7.65909,4e+06,4e+06,1.3737e-14
2000,10,13,tr(A) ~ ||A||_F,Tr(S),Hutchinson,3.1961,1341.99,2000,0.329007
2000,10,13,tr(A) ~ ||A||_F,Tr(S),Hutch++,7.64688,2000,2000,7.95808e-16
2000,10,13,tr(A) ~ ||A||_F,Tr(SS),Hutchinson,3.2491,2.68397e+06,4e+06,0.329007
2000,10,13,tr(A) ~ ||A||_F,Tr(SS),Hutch++,8.00756,4e+06,4e+06,1.35042e-14
2000,10,14,tr(A) ~ ||A||_F,Tr(S),Hutchinson,3.29072,1398.01,2000,0.300993
2000,10,14,tr(A) ~ ||A||_F,Tr(S),Hutch++,7.70794,2000,2000,5.68434e-16
2000,10,14,tr(A) ~ ||A||_F,Tr(SS),Hutchinson,3.12489,2.79603e+06,4e+06,0.300993
2000,10,14,tr(A) ~ ||A||_F,Tr(SS),Hutch++,7.75976,4e+06,4e+06,1.35042e-14
2000,10,15,tr(A) ~ ||A||_F,Tr(S),Hutchinson,3.31024,2376.47,2000,0.188234
2000,10,15,tr(A) ~ ||A||_F,Tr(S),Hutch++,8.59265,2000,2000,6.82121e-16
2000,10,15,tr(A) ~ ||A||_F,Tr(SS),Hutchinson,3.22799,4.75294e+06,4e+06,0.188234
2000,10,15,tr(A) ~ ||A||_F,Tr(SS),Hutch++,8.30331,4e+06,4e+06,1.35042e-14
2000,10,16,tr(A) ~ ||A||_F,Tr(S),Hutchinson,3.31538,4340.6,2000,1.1703
2000,10,16,tr(A) ~ ||A||_F,Tr(S),Hutch++,8.3412,2000,2000,1.02318e-15
2000,10,16,tr(A) ~ ||A||_F,Tr(SS),Hutchinson,3.24346,8.68119e+06,4e+06,1.1703
2000,10,16,tr(A) ~ ||A||_F,Tr(SS),Hutch++,8.60584,4e+06,4e+06,1.39698e-14
2000,10,17,tr(A) ~ ||A||_F,Tr(S),Hutchinson,3.32181,2132.6,2000,0.066301
2000,10,17,tr(A) ~ ||A||_F,Tr(S),Hutch++,7.98235,2000,2000,3.41061e-16
2000,10,17,tr(A) ~ ||A||_F,Tr(SS),Hutchinson,3.26708,4.2652e+06,4e+06,0.066301
2000,10,17,tr(A) ~ ||A||_F,Tr(SS),Hutch++,7.67819,4e+06,4e+06,1.36206e-14
2000,10,18,tr(A) ~ ||A||_F,Tr(S),Hutchinson,3.17696,2186.5,2000,0.0932515
2000,10,18,tr(A) ~ ||A||_F,Tr(S),Hutch++,7.66591,2000,2000,4.54747e-16
2000,10,18,tr(A) ~ ||A||_F,Tr(SS),Hutchinson,3.20347,4.37301e+06,4e+06,0.0932515
2000,10,18,tr(A) ~ ||A||_F,Tr(SS),Hutch++,7.65824,4e+06,4e+06,1.35042e-14
2000,10,19,tr(A) ~ ||A||_F,Tr(S),Hutchinson,3.16934,3955.23,2000,0.977616
2000,10,19,tr(A) ~ ||A||_F,Tr(S),Hutch++,7.70275,2000,2000,5.68434e-16
2000,10,19,tr(A) ~ ||A||_F,Tr(SS),Hutchinson,3.37396,7.91047e+06,4e+06,0.977616
2000,10,19,tr(A) ~ ||A||_F,Tr(SS),Hutch++,8.43043,4e+06,4e+06,1.32713e-14
2000,20,0,tr(A) ~ ||A||_F,Tr(S),Hutchinson,4.23326,2066.67,2000,0.033334
2000,20,0,tr(A) ~ ||A||_F,Tr(S),Hutch++,9.22841,2000,2000,9.09495e-16
2000,20,0,tr(A) ~ ||A||_F,Tr(SS),Hutchinson,4.1913,4.13334e+06,4e+06,0.033334
2000,20,0,tr(A) ~ ||A||_F,Tr(SS),Hutch++,8.4161,4e+06,4e+06,1.3737e-14
2000,20,1,tr(A) ~ ||A||_F,Tr(S),Hutchinson,4.26663,1608.06,2000,0.195971
2000,20,1,tr(A) ~ ||A||_F,Tr(S),Hutch++,8.21466,2000,2000,4.54747e-16
2000,20,1,tr(A) ~ ||A||_F,Tr(SS),Hutchinson,4.03719,3.21611e+06,4e+06,0.195971
2000,20,1,tr(A) ~ ||A||_F,Tr(SS),Hutch++,8.212,4e+06,4e+06,1.40863e-14
2000,20,2,tr(A) ~ ||A||_F,Tr(S),Hutchinson,4.07602,1986.76,2000,0.00661878
2000,20,2,tr(A) ~ ||A||_F,Tr(S),Hutch++,8.25289,2000,2000,9.09495e-16
2000,20,2,tr(A) ~ ||A||_F,Tr(SS),Hutchinson,4.06699,3.97352e+06,4e+06,0.00661878
2000,20,2,tr(A) ~ ||A||_F,Tr(SS),Hutch++,8.11185,4e+06,4e+06,1.39698e-14
2000,20,3,tr(A) ~ ||A||_F,Tr(S),Hutchinson,4.22292,2253.34,2000,0.126671
2000,20,3,tr(A) ~ ||A||_F,Tr(S),Hutch++,8.22185,2000,2000,1.47793e-15
2000,20,3,tr(A) ~ ||A||_F,Tr(SS),Hutchinson,4.11117,4.50668e+06,4e+06,0.126671
2000,20,3,tr(A) ~ ||A||_F,Tr(SS),Hutch++,9.30089,4e+06,4e+06,1.35042e-14
2000,20,4,tr(A) ~ ||A||_F,Tr(S),Hutchinson,4.4626,1845.05,2000,0.077476
2000,20,4,tr(A) ~ ||A||_F,Tr(S),Hutch++,9.07733,2000,2000,1.02318e-15
2000,20,4,tr(A) ~ ||A||_F,Tr(SS),Hutchinson,4.11044,3.6901e+06,4e+06,0.077476
2000,20,4,tr(A) ~ ||A||_F,Tr(SS),Hutch++,8.264,4e+06,4e+06,1.35042e-14
2000,20,5,tr(A) ~ ||A||_F,Tr(S),Hutchinson,4.18362,990.053,2000,0.504974
2000,20,5,tr(A) ~ ||A||_F,Tr(S),Hutch++,8.18429,2000,2000,1.25056e-15
2000,20,5,tr(A) ~ ||A||_F,Tr(SS),Hutchinson,4.13401,1.98011e+06,4e+06,0.504974
2000,20,5,tr(A) ~ ||A||_F,Tr(SS),Hutch++,8.42053,4e+06,4e+06,1.36206e-14
2000,20,6,tr(A) ~ ||A||_F,Tr(S),Hutchinson,4.26382,1144.08,2000,0.427961
2000,20,6,tr(A) ~ ||A||_F,Tr(S),Hutch++,8.3721,2000,2000,9.09495e-16
2000,20,6,tr(A) ~ ||A||_F,Tr(SS),Hutchinson,4.16227,2.28816e+06,4e+06,0.427961
2000,20,6,tr(A) ~ ||A||_F,Tr(SS),Hutch++,8.38157,4e+06,4e+06,1.31549e-14
2000,20,7,tr(A) ~ ||A||_F,Tr(S),Hutchinson,4.20854,1504.3,2000,0.247852
2000,20,7,tr(A) ~ ||A||_F,Tr(S),Hutch++,9.01254,2000,2000,1.25056e-15
2000,20,7,tr(A) ~ ||A||_F,Tr(SS),Hutchinson,4.13916,3.00859e+06,4e+06,0.247852
2000,20,7,tr(A) ~ ||A||_F,Tr(SS),Hutch++,8.70887,4e+06,4e+06,1.33878e-14
2000,20,8,tr(A) ~ ||A||_F,Tr(S),Hutchinson,4.31497,2516.64,2000,0.258319
2000,20,8,tr(A) ~ ||A||_F,Tr(S),Hutch++,8.82081,2000,2000,1.13687e-15
2000,20,8,tr(A) ~ ||A||_F,Tr(SS),Hutchinson,4.18802,5.03327e+06,4e+06,0.258319
2000,20,8,tr(A) ~ ||A||_F,Tr(SS),Hutch++,8.21763,4e+06,4e+06,1.3737e-14
2000,20,9,tr(A) ~ ||A||_F,Tr(S),Hutchinson,4.25992,2340.94,2000,0.170468
2000,20,9,tr(A) ~ ||A||_F,Tr(S),Hutch++,8.31716,2000,2000,7.95808e-16
2000,20,9,tr(A) ~ ||A||_F,Tr(SS),Hutchinson,4.0717,4.68187e+06,4e+06,0.170468
2000,20,9,tr(A) ~ ||A||_F,Tr(SS),Hutch++,8.19933,4e+06,4e+06,1.39698e-14
2000,20,10,tr(A) ~ ||A||_F,Tr(S),Hutchinson,4.18482,3474.67,2000,0.737336
2000,20,10,tr(A) ~ ||A||_F,Tr(S),Hutch++,8.26167,2000,2000,2.27374e-16
2000,20,10,tr(A) ~ ||A||_F,Tr(SS),Hutchinson,4.0506,6.94934e+06,4e+06,0.737336
2000,20,10,tr(A) ~ ||A||_F,Tr(SS),Hutch++,8.90257,4e+06,4e+06,1.3737e-14
2000,20,11,tr(A) ~ ||A||_F,Tr(S),Hutchinson,4.36619,1340.68,2000,0.329659
2000,20,11,tr(A) ~ ||A||_F,Tr(S),Hutch++,10.0274,2000,2000,5.68434e-16
2000,20,11,tr(A) ~ ||A||_F,Tr(SS),Hutchinson,4.37992,2.68136e+06,4e+06,0.329659
2000,20,11,tr(A) ~ ||A||_F,Tr(SS),Hutch++,9.41441,4e+06,4e+06,1.3737e-14
2000,20,12,tr(A) ~ ||A||_F,Tr(S),Hutchinson,4.46088,2371.98,2000,0.185991
2000,20,12,tr(A) ~ ||A||_F,Tr(S),Hutch++,8.78291,2000,2000,5.68434e-16
2000,20,12,tr(A) ~ ||A||_F,Tr(SS),Hutchinson,4.18619,4.74396e+06,4e+06,0.185991
2000,20,12,tr(A) ~ ||A||_F,Tr(SS),Hutch++,8.43662,4e+06,4e+06,1.39698e-14
2000,20,13,tr(A) ~ ||A||_F,Tr(S),Hutchinson,4.2877,2245.44,2000,0.122718
2000,20,13,tr(A) ~ ||A||_F,Tr(S),Hutch++,8.39809,2000,2000,5.68434e-16
2000,20,13,tr(A) ~ ||A||_F,Tr(SS),Hutchinson,4.00748,4.49087e+06,4e+06,0.122718
2000,20,13,tr(A) ~ ||A||_F,Tr(SS),Hutch++,8.3748,4e+06,4e+06,1.38534e-14
2000,20,14,tr(A) ~ ||A||_F,Tr(S),Hutchinson,4.22708,1420.72,2000,0.289639
2000,20,14,tr(A) ~ ||A||_F,Tr(S),Hutch++,8.17952,2000,2000,1.02318e-15
2000,20,14,tr(A) ~ ||A||_F,Tr(SS),Hutchinson,4.05301,2.84145e+06,4e+06,0.289639
2000,20,14,tr(A) ~ ||A||_F,Tr(SS),Hutch++,8.32257,4e+06,4e+06,1.3737e-14
2000,20,15,tr(A) ~ ||A||_F,Tr(S),Hutchinson,4.19459,1535.56,2000,0.232219
2000,20,15,tr(A) ~ ||A||_F,Tr(S),Hutch++,8.69903,2000,2000,4.54747e-16
2000,20,15,tr(A) ~ ||A||_F,Tr(SS),Hutchinson,4.65002,3.07112e+06,4e+06,0.232219
2000,20,15,tr(A) ~ ||A||_F,Tr(SS),Hutch++,8.88261,4e+06,4e+06,1.31549e-14
2000,20,16,tr(A) ~ ||A||_F,Tr(S),Hutchinson,4.24226,1719.55,2000,0.140227
2000,20,16,tr(A) ~ ||A||_F,Tr(S),Hutch++,8.41137,2000,2000,9.09495e-16
2000,20,16,tr(A) ~ ||A||_F,Tr(SS),Hutchinson,4.05793,3.43909e+06,4e+06,0.140227
2000,20,16,tr(A) ~ ||A||_F,Tr(SS),Hutch++,8.32131,4e+06,4e+06,1.32713e-14
2000,20,17,tr(A) ~ ||A||_F,Tr(S),Hutchinson,4.16259,1950.65,2000,0.0246736
2000,20,17,tr(A) ~ ||A||_F,Tr(S),Hutch++,8.26727,2000,2000,1.02318e-15
2000,20,17,tr(A) ~ ||A||_F,Tr(SS),Hutchinson,3.97312,3.90131e+06,4e+06,0.0246736
2000,20,17,tr(A) ~ ||A||_F,Tr(SS),Hutch++,8.16939,4e+06,4e+06,1.3737e-14
2000,20,18,tr(A) ~ ||A||_F,Tr(S),Hutchinson,4.11965,1452.66,2000,0.27367
2000,20,18,tr(A) ~ ||A||_F,Tr(S),Hutch++,8.19758,2000,2000,1.02318e-15
2000,20,18,tr(A) ~ ||A||_F,Tr(SS),Hutchinson,4.26471,2.90532e+06,4e+06,0.27367
2000,20,18,tr(A) ~ ||A||_F,Tr(SS),Hutch++,8.34622,4e+06,4e+06,1.3737e-14
2000,20,19,tr(A) ~ ||A||_F,Tr(S),Hutchinson,4.22858,1017.33,2000,0.491334
2000,20,19,tr(A) ~ ||A||_F,Tr(S),Hutch++,8.63634,2000,2000,5.68434e-16
2000,20,19,tr(A) ~ ||A||_F,Tr(SS),Hutchinson,4.51901,2.03466e+06,4e+06,0.491334
2000,20,19,tr(A) ~ ||A||_F,Tr(SS),Hutch++,9.00752,4e+06,4e+06,1.32713e-14
2000,50,0,tr(A) ~ ||A||_F,Tr(S),Hutchinson,8.01302,3304.97,2000,0.652486
2000,50,0,tr(A) ~ ||A||_F,Tr(S),Hutch++,11.5471,2000,2000,1.02318e-15
2000,50,0,tr(A) ~ ||A||_F,Tr(SS),Hutchinson,8.50979,6.60994e+06,4e+06,0.652486
2000,50,0,tr(A) ~ ||A||_F,Tr(SS),Hutch++,11.7164,4e+06,4e+06,1.39698e-14
2000,50,1,tr(A) ~ ||A||_F,Tr(S),Hutchinson,8.55533,2372.42,2000,0.186211
2000,50,1,tr(A) ~ ||A||_F,Tr(S),Hutch++,11.3648,2000,2000,1.02318e-15
2000,50,1,tr(A) ~ ||A||_F,Tr(SS),Hutchinson,8.28751,4.74484e+06,4e+06,0.186211
2000,50,1,tr(A) ~ ||A||_F,Tr(SS),Hutch++,11.4074,4e+06,4e+06,1.3737e-14
2000,50,2,tr(A) ~ ||A||_F,Tr(S),Hutchinson,9.00092,1470.38,2000,0.264812
2000,50,2,tr(A) ~ ||A||_F,Tr(S),Hutch++,12.233,2000,2000,1.02318e-15
2000,50,2,tr(A) ~ ||A||_F,Tr(SS),Hutchinson,8.31277,2.94075e+06,4e+06,0.264812
2000,50,2,tr(A) ~ ||A||_F,Tr(SS),Hutch++,11.8593,4e+06,4e+06,1.32713e-14
2000,50,3,tr(A) ~ ||A||_F,Tr(S),Hutchinson,8.55722,1882.07,2000,0.0589653
2000,50,3,tr(A) ~ ||A||_F,Tr(S),Hutch++,11.7197,2000,2000,9.09495e-16
2000,50,3,tr(A) ~ ||A||_F,Tr(SS),Hutchinson,8.27182,3.76414e+06,4e+06,0.0589653
2000,50,3,tr(A) ~ ||A||_F,Tr(SS),Hutch++,11.5631,4e+06,4e+06,1.36206e-14
2000,50,4,tr(A) ~ ||A||_F,Tr(S),Hutchinson,8.63768,1864.48,2000,0.0677608
2000,50,4,tr(A) ~ ||A||_F,Tr(S),Hutch++,11.6986,2000,2000,5.68434e-16
2000,50,4,tr(A) ~ ||A||_F,Tr(SS),Hutchinson,8.83711,3.72896e+06,4e+06,0.0677608
2000,50,4,tr(A) ~ ||A||_F,Tr(SS),Hutch++,11.9967,4e+06,4e+06,1.38534e-14
2000,50,5,tr(A) ~ ||A||_F,Tr(S),Hutchinson,8.81665,2009.53,2000,0.00476677
2000,50,5,tr(A) ~ ||A||_F,Tr(S),Hutch++,11.779,2000,2000,1.13687e-15
2000,50,5,tr(A) ~ ||A||_F,Tr(SS),Hutchinson,8.39207,4.01907e+06,4e+06,0.00476677
2000,50,5,tr(A) ~ ||A||_F,Tr(SS),Hutch++,11.5135,4e+06,4e+06,1.36206e-14
2000,50,6,tr(A) ~ ||A||_F,Tr(S),Hutchinson,8.67189,2265.15,2000,0.132577
2000,50,6,tr(A) ~ ||A||_F,Tr(S),Hutch++,11.6564,2000,2000,6.82121e-16
2000,50,6,tr(A) ~ ||A||_F,Tr(SS),Hutchinson,8.32272,4.53031e+06,4e+06,0.132577
2000,50,6,tr(A) ~ ||A||_F,Tr(SS),Hutch++,11.6275,4e+06,4e+06,1.3737e-14
2000,50,7,tr(A) ~ ||A||_F,Tr(S),Hutchinson,9.31768,1736.75,2000,0.131625
2000,50,7,tr(A) ~ ||A||_F,Tr(S),Hutch++,11.8567,2000,2000,2.27374e-16
2000,50,7,tr(A) ~ ||A||_F,Tr(SS),Hutchinson,8.28644,3.4735e+06,4e+06,0.131625
2000,50,7,tr(A) ~ ||A||_F,Tr(SS),Hutch++,11.6122,4e+06,4e+06,1.36206e-14
2000,50,8,tr(A) ~ ||A||_F,Tr(S),Hutchinson,8.62585,2097.22,2000,0.0486116
2000,50,8,tr(A) ~ ||A||_F,Tr(S),Hutch++,11.6684,2000,2000,6.82121e-16
2000,50,8,tr(A) ~ ||A||_F,Tr(SS),Hutchinson,8.32963,4.19445e+06,4e+06,0.0486116
2000,50,8,tr(A) ~ ||A||_F,Tr(SS),Hutch++,11.6361,4e+06,4e+06,1.35042e-14
2000,50,9,tr(A) ~ ||A||_F,Tr(S),Hutchinson,8.8209,1540.83,2000,0.229583
2000,50,9,tr(A) ~ ||A||_F,Tr(S),Hutch++,11.8935,2000,2000,1.13687e-15
2000,50,9,tr(A) ~ ||A||_F,Tr(SS),Hutchinson,8.9866,3.08167e+06,4e+06,0.229583
2000,50,9,tr(A) ~ ||A||_F,Tr(SS),Hutch++,11.9764,4e+06,4e+06,1.30385e-14
2000,50,10,tr(A) ~ ||A||_F,Tr(S),Hutchinson,8.51227,1698.68,2000,0.150658
2000,50,10,tr(A) ~ ||A||_F,Tr(S),Hutch++,11.5771,2000,2000,9.09495e-16
2000,50,10,tr(A) ~ ||A||_F,Tr(SS),Hutchinson,8.41792,3.39737e+06,4e+06,0.150658
2000,50,10,tr(A) ~ ||A||_F,Tr(SS),Hutch++,11.6754,4e+06,4e+06,1.3737e-14
2000,50,11,tr(A) ~ ||A||_F,Tr(S),Hutchinson,8.49038,1804.07,2000,0.0979629
2000,50,11,tr(A) ~ ||A||_F,Tr(S),Hutch++,11.6842,2000,2000,1.13687e-16
2000,50,11,tr(A) ~ ||A||_F,Tr(SS),Hutchinson,8.40824,3.60815e+06,4e+06,0.0979629
2000,50,11,tr(A) ~ ||A||_F,Tr(SS),Hutch++,12.2135,4e+06,4e+06,1.33878e-14
2000,50,12,tr(A) ~ ||A||_F,Tr(S),Hutchinson,8.69479,2148.99,2000,0.0744938
2000,50,12,tr(A) ~ ||A||_F,Tr(S),Hutch++,12.2353,2000,2000,1.25056e-15
2000,50,12,tr(A) ~ ||A||_F,Tr(SS),Hutchinson,8.2834,4.29798e+06,4e+06,0.0744938
2000,50,12,tr(A) ~ ||A||_F,Tr(SS),Hutch++,11.6307,4e+06,4e+06,1.32713e-14
2000,50,13,tr(A) ~ ||A||_F,Tr(S),Hutchinson,8.68248,2399.93,2000,0.199967
2000,50,13,tr(A) ~ ||A||_F,Tr(S),Hutch++,11.6636,2000,2000,1.25056e-15
2000,50,13,tr(A) ~ ||A||_F,Tr(SS),Hutchinson,8.44796,4.79987e+06,4e+06,0.199967
2000,50,13,tr(A) ~ ||A||_F,Tr(SS),Hutch++,11.5565,4e+06,4e+06,1.36206e-14
2000,50,14,tr(A) ~ ||A||_F,Tr(S),Hutchinson,8.70846,1916.27,2000,0.041865
2000,50,14,tr(A) ~ ||A||_F,Tr(S),Hutch++,12.8716,2000,2000,2.27374e-16
2000,50,14,tr(A) ~ ||A||_F,Tr(SS),Hutchinson,8.2341,3.83254e+06,4e+06,0.041865
2000,50,14,tr(A) ~ ||A||_F,Tr(SS),Hutch++,11.5569,4e+06,4e+06,1.3737e-14
2000,50,15,tr(A) ~ ||A||_F,Tr(S),Hutchinson,8.72061,2311.9,2000,0.155949
2000,50,15,tr(A) ~ ||A||_F,Tr(S),Hutch++,11.5737,2000,2000,9.09495e-16
2000,50,15,tr(A) ~ ||A||_F,Tr(SS),Hutchinson,8.3929,4.6238e+06,4e+06,0.155949
2000,50,15,tr(A) ~ ||A||_F,Tr(SS),Hutch++,11.6056,4e+06,4e+06,1.3737e-14
2000,50,16,tr(A) ~ ||A||_F,Tr(S),Hutchinson,8.57787,2259.92,2000,0.129962
2000,50,16,tr(A) ~ ||A||_F,Tr(S),Hutch++,11.6946,2000,2000,5.68434e-16
2000,50,16,tr(A) ~ ||A||_F,Tr(SS),Hutchinson,8.57435,4.51985e+06,4e+06,0.129962
2000,50,16,tr(A) ~ ||A||_F,Tr(SS),Hutch++,11.9231,4e+06,4e+06,1.39698e-14
2000,50,17,tr(A) ~ ||A||_F,Tr(S),Hutchinson,8.80832,2154.13,2000,0.0770627
2000,50,17,tr(A) ~ ||A||_F,Tr(S),Hutch++,12.2184,2000,2000,1.02318e-15
2000,50,17,tr(A) ~ ||A||_F,Tr(SS),Hutchinson,8.47373,4.30825e+06,4e+06,0.0770627
2000,50,17,tr(A) ~ ||A||_F,Tr(SS),Hutch++,11.7652,4e+06,4e+06,1.3737e-14
2000,50,18,tr(A) ~ ||A||_F,Tr(S),Hutchinson,8.58393,1796.28,2000,0.101858
2000,50,18,tr(A) ~ ||A||_F,Tr(S),Hutch++,11.6019,2000,2000,7.95808e-16
2000,50,18,tr(A) ~ ||A||_F,Tr(SS),Hutchinson,8.29585,3.59257e+06,4e+06,0.101858
2000,50,18,tr(A) ~ ||A||_F,Tr(SS),Hutch++,11.8267,4e+06,4e+06,1.32713e-14
2000,50,19,tr(A) ~ ||A||_F,Tr(S),Hutchinson,9.55958,2061.86,2000,0.03093
2000,50,19,tr(A) ~ ||A||_F,Tr(S),Hutch++,12.4165,2000,2000,4.54747e-16
2000,50,19,tr(A) ~ ||A||_F,Tr(SS),Hutchinson,8.47925,4.12372e+06,4e+06,0.03093
2000,50,19,tr(A) ~ ||A||_F,Tr(SS),Hutch++,12.023,4e+06,4e+06,1.30385e-14
2000,70,0,tr(A) ~ ||A||_F,Tr(S),Hutchinson,11.4606,1819,2000,0.0904984
2000,70,0,tr(A) ~ ||A||_F,Tr(S),Hutch++,16.8933,2000,2000,9.09495e-16
2000,70,0,tr(A) ~ ||A||_F,Tr(SS),Hutchinson,11.3091,3.63801e+06,4e+06,0.0904984
2000,70,0,tr(A) ~ ||A||_F,Tr(SS),Hutch++,17.4417,4e+06,4e+06,1.32713e-14
2000,70,1,tr(A) ~ ||A||_F,Tr(S),Hutchinson,12.5076,1648.77,2000,0.175614
2000,70,1,tr(A) ~ ||A||_F,Tr(S),Hutch++,16.6289,2000,2000,7.95808e-16
2000,70,1,tr(A) ~ ||A||_F,Tr(SS),Hutchinson,10.5597,3.29754e+06,4e+06,0.175614
2000,70,1,tr(A) ~ ||A||_F,Tr(SS),Hutch++,17.1151,4e+06,4e+06,1.35042e-14
2000,70,2,tr(A) ~ ||A||_F,Tr(S),Hutchinson,13.2327,2635.27,2000,0.317633
2000,70,2,tr(A) ~ ||A||_F,Tr(S),Hutch++,17.5205,2000,2000,1.13687e-15
2000,70,2,tr(A) ~ ||A||_F,Tr(SS),Hutchinson,11.0995,5.27053e+06,4e+06,0.317633
2000,70,2,tr(A) ~ ||A||_F,Tr(SS),Hutch++,17.3233,4e+06,4e+06,1.39698e-14
2000,70,3,tr(A) ~ ||A||_F,Tr(S),Hutchinson,12.6169,1664.81,2000,0.167596
2000,70,3,tr(A) ~ ||A||_F,Tr(S),Hutch++,17.4917,2000,2000,1.36424e-15
2000,70,3,tr(A) ~ ||A||_F,Tr(SS),Hutchinson,11.0885,3.32962e+06,4e+06,0.167596
2000,70,3,tr(A) ~ ||A||_F,Tr(SS),Hutch++,16.9893,4e+06,4e+06,1.39698e-14
2000,70,4,tr(A) ~ ||A||_F,Tr(S),Hutchinson,11.9525,1947.8,2000,0.0260978
2000,70,4,tr(A) ~ ||A||_F,Tr(S),Hutch++,17.0524,2000,2000,7.95808e-16
2000,70,4,tr(A) ~ ||A||_F,Tr(SS),Hutchinson,11.8672,3.89561e+06,4e+06,0.0260978
2000,70,4,tr(A) ~ ||A||_F,Tr(SS),Hutch++,17.0202,4e+06,4e+06,1.36206e-14
2000,70,5,tr(A) ~ ||A||_F,Tr(S),Hutchinson,12.4882,1893.36,2000,0.0533212
2000,70,5,tr(A) ~ ||A||_F,Tr(S),Hutch++,17.138,2000,2000,4.54747e-16
2000,70,5,tr(A) ~ ||A||_F,Tr(SS),Hutchinson,10.8889,3.78672e+06,4e+06,0.0533212
2000,70,5,tr(A) ~ ||A||_F,Tr(SS),Hutch++,16.4924,4e+06,4e+06,1.38534e-14
2000,70,6,tr(A) ~ ||A||_F,Tr(S),Hutchinson,11.4398,2132.88,2000,0.0664376
2000,70,6,tr(A) ~ ||A||_F,Tr(S),Hutch++,17.5265,2000,2000,9.09495e-16
2000,70,6,tr(A) ~ ||A||_F,Tr(SS),Hutchinson,11.0127,4.26575e+06,4e+06,0.0664376
2000,70,6,tr(A) ~ ||A||_F,Tr(SS),Hutch++,16.2251,4e+06,4e+06,1.36206e-14
2000,70,7,tr(A) ~ ||A||_F,Tr(S),Hutchinson,11.5142,2689.04,2000,0.344518
2000,70,7,tr(A) ~ ||A||_F,Tr(S),Hutch++,16.2468,2000,2000,1.02318e-15
2000,70,7,tr(A) ~ ||A||_F,Tr(SS),Hutchinson,10.8222,5.37807e+06,4e+06,0.344518
2000,70,7,tr(A) ~ ||A||_F,Tr(SS),Hutch++,16.485,4e+06,4e+06,1.38534e-14
2000,70,8,tr(A) ~ ||A||_F,Tr(S),Hutchinson,11.6723,1554.56,2000,0.222722
2000,70,8,tr(A) ~ ||A||_F,Tr(S),Hutch++,16.7817,2000,2000,1.02318e-15
2000,70,8,tr(A) ~ ||A||_F,Tr(SS),Hutchinson,11.0971,3.10911e+06,4e+06,0.222722
2000,70,8,tr(A) ~ ||A||_F,Tr(SS),Hutch++,16.1629,4e+06,4e+06,1.3737e-14
2000,70,9,tr(A) ~ ||A||_F,Tr(S),Hutchinson,11.4534,1856.01,2000,0.0719954
2000,70,9,tr(A) ~ ||A||_F,Tr(S),Hutch++,16.3541,2000,2000,9.09495e-16
2000,70,9,tr(A) ~ ||A||_F,Tr(SS),Hutchinson,11.009,3.71202e+06,4e+06,0.0719954
2000,70,9,tr(A) ~ ||A||_F,Tr(SS),Hutch++,16.8583,4e+06,4e+06,1.38534e-14
2000,70,10,tr(A) ~ ||A||_F,Tr(S),Hutchinson,11.3143,1682.75,2000,0.158624
2000,70,10,tr(A) ~ ||A||_F,Tr(S),Hutch++,16.3307,2000,2000,9.09495e-16
2000,70,10,tr(A) ~ ||A||_F,Tr(SS),Hutchinson,10.9133,3.3655e+06,4e+06,0.158624
2000,70,10,tr(A) ~ ||A||_F,Tr(SS),Hutch++,16.0363,4e+06,4e+06,1.38534e-14
2000,70,11,tr(A) ~ ||A||_F,Tr(S),Hutchinson,11.317,2808.82,2000,0.404408
2000,70,11,tr(A) ~ ||A||_F,Tr(S),Hutch++,16.188,2000,2000,7.95808e-16
2000,70,11,tr(A) ~ ||A||_F,Tr(SS),Hutchinson,11.4014,5.61763e+06,4e+06,0.404408
2000,70,11,tr(A) ~ ||A||_F,Tr(SS),Hutch++,16.5814,4e+06,4e+06,1.38534e-14
2000,70,12,tr(A) ~ ||A||_F,Tr(S),Hutchinson,11.8281,2468.18,2000,0.234091
2000,70,12,tr(A) ~ ||A||_F,Tr(S),Hutch++,16.9157,2000,2000,1.02318e-15
2000,70,12,tr(A) ~ ||A||_F,Tr(SS),Hutchinson,10.9717,4.93637e+06,4e+06,0.234091
2000,70,12,tr(A) ~ ||A||_F,Tr(SS),Hutch++,16.1759,4e+06,4e+06,1.32713e-14
2000,70,13,tr(A) ~ ||A||_F,Tr(S),Hutchinson,11.3524,1974.27,2000,0.0128658
2000,70,13,tr(A) ~ ||A||_F,Tr(S),Hutch++,17.2621,2000,2000,1.25056e-15
2000,70,13,tr(A) ~ ||A||_F,Tr(SS),Hutchinson,10.8582,3.94854e+06,4e+06,0.0128658
2000,70,13,tr(A) ~ ||A||_F,Tr(SS),Hutch++,16.4104,4e+06,4e+06,1.35042e-14
2000,70,14,tr(A) ~ ||A||_F,Tr(S),Hutchinson,11.4228,1819.62,2000,0.0901903
2000,70,14,tr(A) ~ ||A||_F,Tr(S),Hutch++,16.2908,2000,2000,3.41061e-16
2000,70,14,tr(A) ~ ||A||_F,Tr(SS),Hutchinson,11.0529,3.63924e+06,4e+06,0.0901903
2000,70,14,tr(A) ~ ||A||_F,Tr(SS),Hutch++,17.2696,4e+06,4e+06,1.39698e-14
2000,70,15,tr(A) ~ ||A||_F,Tr(S),Hutchinson,11.7551,1626.59,2000,0.186703
2000,70,15,tr(A) ~ ||A||_F,Tr(S),Hutch++,17.8555,2000,2000,7.95808e-16
2000,70,15,tr(A) ~ ||A||_F,Tr(SS),Hutchinson,10.958,3.25319e+06,4e+06,0.186703
2000,70,15,tr(A) ~ ||A||_F,Tr(SS),Hutch++,16.8763,4e+06,4e+06,1.35042e-14
2000,70,16,tr(A) ~ ||A||_F,Tr(S),Hutchinson,11.8948,1766.16,2000,0.116922
2000,70,16,tr(A) ~ ||A||_F,Tr(S),Hutch++,17.0313,2000,2000,1.02318e-15
2000,70,16,tr(A) ~ ||A||_F,Tr(SS),Hutchinson,11.1529,3.53231e+06,4e+06,0.116922
2000,70,16,tr(A) ~ ||A||_F,Tr(SS),Hutch++,17.284,4e+06,4e+06,1.35042e-14
2000,70,17,tr(A) ~ ||A||_F,Tr(S),Hutchinson,11.6588,1967,2000,0.0165017
2000,70,17,tr(A) ~ ||A||_F,Tr(S),Hutch++,16.3556,2000,2000,4.54747e-16
2000,70,17,tr(A) ~ ||A||_F,Tr(SS),Hutchinson,11.0664,3.93399e+06,4e+06,0.0165017
2000,70,17,tr(A) ~ ||A||_F,Tr(SS),Hutch++,16.1267,4e+06,4e+06,1.39698e-14
2000,70,18,tr(A) ~ ||A||_F,Tr(S),Hutchinson,11.2754,1882.1,2000,0.0589485
2000,70,18,tr(A) ~ ||A||_F,Tr(S),Hutch++,16.5141,2000,2000,6.82121e-16
2000,70,18,tr(A) ~ ||A||_F,Tr(SS),Hutchinson,11.4817,3.76421e+06,4e+06,0.0589485
2000,70,18,tr(A) ~ ||A||_F,Tr(SS),Hutch++,17.6444,4e+06,4e+06,1.35042e-14
2000,70,19,tr(A) ~ ||A||_F,Tr(S),Hutchinson,11.8798,1820.15,2000,0.0899259
2000,70,19,tr(A) ~ ||A||_F,Tr(S),Hutch++,16.7177,2000,2000,9.09495e-16
2000,70,19,tr(A) ~ ||A||_F,Tr(SS),Hutchinson,11.3977,3.6403e+06,4e+06,0.0899259
2000,70,19,tr(A) ~ ||A||_F,Tr(SS),Hutch++,16.6491,4e+06,4e+06,1.35042e-14
2000,100,0,tr(A) ~ ||A||_F,Tr(S),Hutchinson,15.5882,2014.06,2000,0.00702994
2000,100,0,tr(A) ~ ||A||_F,Tr(S),Hutch++,20.5811,2000,2000,7.95808e-16
2000,100,0,tr(A) ~ ||A||_F,Tr(SS),Hutchinson,14.6255,4.02812e+06,4e+06,0.00702994
2000,100,0,tr(A) ~ ||A||_F,Tr(SS),Hutch++,20.1787,4e+06,4e+06,1.42027e-14
2000,100,1,tr(A) ~ ||A||_F,Tr(S),Hutchinson,14.7468,1863.24,2000,0.0683815
2000,100,1,tr(A) ~ ||A||_F,Tr(S),Hutch++,19.8198,2000,2000,1.02318e-15
2000,100,1,tr(A) ~ ||A||_F,Tr(SS),Hutchinson,14.7387,3.72647e+06,4e+06,0.0683815
2000,100,1,tr(A) ~ ||A||_F,Tr(SS),Hutch++,20.3288,4e+06,4e+06,1.38534e-14
2000,100,2,tr(A) ~ ||A||_F,Tr(S),Hutchinson,14.8522,1768.86,2000,0.115569
2000,100,2,tr(A) ~ ||A||_F,Tr(S),Hutch++,20.6327,2000,2000,6.82121e-16
2000,100,2,tr(A) ~ ||A||_F,Tr(SS),Hutchinson,14.6179,3.53772e+06,4e+06,0.115569
2000,100,2,tr(A) ~ ||A||_F,Tr(SS),Hutch++,20.2489,4e+06,4e+06,1.31549e-14
2000,100,3,tr(A) ~ ||A||_F,Tr(S),Hutchinson,15.6907,1980.41,2000,0.00979323
2000,100,3,tr(A) ~ ||A||_F,Tr(S),Hutch++,19.3613,2000,2000,1.25056e-15
2000,100,3,tr(A) ~ ||A||_F,Tr(SS),Hutchinson,15.0467,3.96083e+06,4e+06,0.00979323
2000,100,3,tr(A) ~ ||A||_F,Tr(SS),Hutch++,20.8743,4e+06,4e+06,1.42027e-14
2000,100,4,tr(A) ~ ||A||_F,Tr(S),Hutchinson,15.421,1788.37,2000,0.105815
2000,100,4,tr(A) ~ ||A||_F,Tr(S),Hutch++,20.0605,2000,2000,4.54747e-16
2000,100,4,tr(A) ~ ||A||_F,Tr(SS),Hutchinson,14.6343,3.57674e+06,4e+06,0.105815
2000,100,4,tr(A) ~ ||A||_F,Tr(SS),Hutch++,19.0748,4e+06,4e+06,1.35042e-14
2000,100,5,tr(A) ~ ||A||_F,Tr(S),Hutchinson,14.4512,2444.53,2000,0.222263
2000,100,5,tr(A) ~ ||A||_F,Tr(S),Hutch++,19.6588,2000,2000,1.02318e-15
2000,100,5,tr(A) ~ ||A||_F,Tr(SS),Hutchinson,14.5947,4.88905e+06,4e+06,0.222263
2000,100,5,tr(A) ~ ||A||_F,Tr(SS),Hutch++,20.1022,4e+06,4e+06,1.32713e-14
2000,100,6,tr(A) ~ ||A||_F,Tr(S),Hutchinson,14.8219,2253.13,2000,0.126563
2000,100,6,tr(A) ~ ||A||_F,Tr(S),Hutch++,19.1038,2000,2000,1.25056e-15
2000,100,6,tr(A) ~ ||A||_F,Tr(SS),Hutchinson,14.2939,4.50625e+06,4e+06,0.126563
2000,100,6,tr(A) ~ ||A||_F,Tr(SS),Hutch++,19.5243,4e+06,4e+06,1.31549e-14
2000,100,7,tr(A) ~ ||A||_F,Tr(S),Hutchinson,14.8544,2136.99,2000,0.0684945
2000,100,7,tr(A) ~ ||A||_F,Tr(S),Hutch++,20.1664,2000,2000,2.27374e-16
2000,100,7,tr(A) ~ ||A||_F,Tr(SS),Hutchinson,14.7026,4.27398e+06,4e+06,0.0684945
2000,100,7,tr(A) ~ ||A||_F,Tr(SS),Hutch++,20.8153,4e+06,4e+06,1.35042e-14
2000,100,8,tr(A) ~ ||A||_F,Tr(S),Hutchinson,15.2957,2097.65,2000,0.0488231
2000,100,8,tr(A) ~ ||A||_F,Tr(S),Hutch++,19.8696,2000,2000,7.95808e-16
2000,100,8,tr(A) ~ ||A||_F,Tr(SS),Hutchinson,15.0429,4.19529e+06,4e+06,0.0488231
2000,100,8,tr(A) ~ ||A||_F,Tr(SS),Hutch++,20.2738,4e+06,4e+06,1.3737e-14
2000,100,9,tr(A) ~ ||A||_F,Tr(S),Hutchinson,15.3807,1456.37,2000,0.271815
2000,100,9,tr(A) ~ ||A||_F,Tr(S),Hutch++,20.9885,2000,2000,1.02318e-15
2000,100,9,tr(A) ~ ||A||_F,Tr(SS),Hutchinson,14.7065,2.91274e+06,4e+06,0.271815
2000,100,9,tr(A) ~ ||A||_F,Tr(SS),Hutch++,20.2814,4e+06,4e+06,1.35042e-14
2000,100,10,tr(A) ~ ||A||_F,Tr(S),Hutchinson,15.2444,2216.08,2000,0.10804
2000,100,10,tr(A) ~ ||A||_F,Tr(S),Hutch++,20.1955,2000,2000,1.13687e-15
2000,100,10