N,Sim,MatrixType,Target,Method,Time_ms,Estimate,True_Value,RelError
1000,0,1_LowRank_Trace_approx_Frobenius,Tr(S),Hutchinson,8.23413,833.324,1000,0.166676
1000,0,1_LowRank_Trace_approx_Frobenius,Tr(S),Hutch++,5.98918,1000,1000,1.47793e-15
1000,0,1_LowRank_Trace_approx_Frobenius,Tr(SS),Hutchinson,7.82407,833324,1e+06,0.166676
1000,0,1_LowRank_Trace_approx_Frobenius,Tr(SS),Hutch++,7.07134,1e+06,1e+06,4.30737e-15
1000,1,1_LowRank_Trace_approx_Frobenius,Tr(S),Hutchinson,4.05428,810.483,1000,0.189517
1000,1,1_LowRank_Trace_approx_Frobenius,Tr(S),Hutch++,5.67579,1000,1000,5.68434e-16
1000,1,1_LowRank_Trace_approx_Frobenius,Tr(SS),Hutchinson,8.29275,810483,1e+06,0.189517
1000,1,1_LowRank_Trace_approx_Frobenius,Tr(SS),Hutch++,7.32777,1e+06,1e+06,4.5402e-15
1000,2,1_LowRank_Trace_approx_Frobenius,Tr(S),Hutchinson,4.13073,1135.38,1000,0.135383
1000,2,1_LowRank_Trace_approx_Frobenius,Tr(S),Hutch++,5.18832,1000,1000,6.82121e-16
1000,2,1_LowRank_Trace_approx_Frobenius,Tr(SS),Hutchinson,7.79835,1.13538e+06,1e+06,0.135383
1000,2,1_LowRank_Trace_approx_Frobenius,Tr(SS),Hutch++,6.8772,1e+06,1e+06,3.72529e-15
1000,3,1_LowRank_Trace_approx_Frobenius,Tr(S),Hutchinson,4.21096,934.872,1000,0.0651283
1000,3,1_LowRank_Trace_approx_Frobenius,Tr(S),Hutch++,5.17275,1000,1000,1.25056e-15
1000,3,1_LowRank_Trace_approx_Frobenius,Tr(SS),Hutchinson,7.74737,934872,1e+06,0.0651283
1000,3,1_LowRank_Trace_approx_Frobenius,Tr(SS),Hutch++,6.86347,1e+06,1e+06,4.19095e-15
1000,4,1_LowRank_Trace_approx_Frobenius,Tr(S),Hutchinson,4.21725,1016.82,1000,0.0168164
1000,4,1_LowRank_Trace_approx_Frobenius,Tr(S),Hutch++,5.54004,1000,1000,1.02318e-15
1000,4,1_LowRank_Trace_approx_Frobenius,Tr(SS),Hutchinson,7.94446,1.01682e+06,1e+06,0.0168164
1000,4,1_LowRank_Trace_approx_Frobenius,Tr(SS),Hutch++,7.78355,1e+06,1e+06,3.95812e-15
1000,5,1_LowRank_Trace_approx_Frobenius,Tr(S),Hutchinson,4.39625,864.462,1000,0.135538
1000,5,1_LowRank_Trace_approx_Frobenius,Tr(S),Hutch++,5.46261,1000,1000,5.68434e-16
1000,5,1_LowRank_Trace_approx_Frobenius,Tr(SS),Hutchinson,7.88216,864462,1e+06,0.135538
1000,5,1_LowRank_Trace_approx_Frobenius,Tr(SS),Hutch++,6.8285,1e+06,1e+06,3.95812e-15
1000,6,1_LowRank_Trace_approx_Frobenius,Tr(S),Hutchinson,4.09553,1019.45,1000,0.0194519
1000,6,1_LowRank_Trace_approx_Frobenius,Tr(S),Hutch++,5.09338,1000,1000,6.82121e-16
1000,6,1_LowRank_Trace_approx_Frobenius,Tr(SS),Hutchinson,8.80814,1.01945e+06,1e+06,0.0194519
1000,6,1_LowRank_Trace_approx_Frobenius,Tr(SS),Hutch++,6.6,1e+06,1e+06,4.07454e-15
1000,7,1_LowRank_Trace_approx_Frobenius,Tr(S),Hutchinson,3.65997,1020.43,1000,0.0204343
1000,7,1_LowRank_Trace_approx_Frobenius,Tr(S),Hutch++,4.5331,1000,1000,5.68434e-16
1000,7,1_LowRank_Trace_approx_Frobenius,Tr(SS),Hutchinson,6.82063,1.02043e+06,1e+06,0.0204343
1000,7,1_LowRank_Trace_approx_Frobenius,Tr(SS),Hutch++,5.95924,1e+06,1e+06,3.95812e-15
1000,8,1_LowRank_Trace_approx_Frobenius,Tr(S),Hutchinson,3.85097,894.051,1000,0.105949
1000,8,1_LowRank_Trace_approx_Frobenius,Tr(S),Hutch++,4.87672,1000,1000,9.09495e-16
1000,8,1_LowRank_Trace_approx_Frobenius,Tr(SS),Hutchinson,8.39529,894051,1e+06,0.105949
1000,8,1_LowRank_Trace_approx_Frobenius,Tr(SS),Hutch++,6.06148,1e+06,1e+06,4.07454e-15
1000,9,1_LowRank_Trace_approx_Frobenius,Tr(S),Hutchinson,3.58074,1170.71,1000,0.170712
1000,9,1_LowRank_Trace_approx_Frobenius,Tr(S),Hutch++,5.34043,1000,1000,1.13687e-15
1000,9,1_LowRank_Trace_approx_Frobenius,Tr(SS),Hutchinson,7.0785,1.17071e+06,1e+06,0.170712
1000,9,1_LowRank_Trace_approx_Frobenius,Tr(SS),Hutch++,6.12019,1e+06,1e+06,3.95812e-15
1000,10,1_LowRank_Trace_approx_Frobenius,Tr(S),Hutchinson,3.64864,978.303,1000,0.021697
1000,10,1_LowRank_Trace_approx_Frobenius,Tr(S),Hutch++,4.68532,1000,1000,9.09495e-16
1000,10,1_LowRank_Trace_approx_Frobenius,Tr(SS),Hutchinson,6.83681,978303,1e+06,0.021697
1000,10,1_LowRank_Trace_approx_Frobenius,Tr(SS),Hutch++,5.77205,1e+06,1e+06,4.30737e-15
1000,11,1_LowRank_Trace_approx_Frobenius,Tr(S),Hutchinson,3.57742,773.58,1000,0.22642
1000,11,1_LowRank_Trace_approx_Frobenius,Tr(S),Hutch++,4.45944,1000,1000,6.82121e-16
1000,11,1_LowRank_Trace_approx_Frobenius,Tr(SS),Hutchinson,6.72954,773580,1e+06,0.22642
1000,11,1_LowRank_Trace_approx_Frobenius,Tr(SS),Hutch++,5.7174,1e+06,1e+06,3.72529e-15
1000,12,1_LowRank_Trace_approx_Frobenius,Tr(S),Hutchinson,3.57182,1197.3,1000,0.197296
1000,12,1_LowRank_Trace_approx_Frobenius,Tr(S),Hutch++,4.4697,1000,1000,1.02318e-15
1000,12,1_LowRank_Trace_approx_Frobenius,Tr(SS),Hutchinson,6.7553,1.1973e+06,1e+06,0.197296
1000,12,1_LowRank_Trace_approx_Frobenius,Tr(SS),Hutch++,5.84779,1e+06,1e+06,4.42378e-15
1000,13,1_LowRank_Trace_approx_Frobenius,Tr(S),Hutchinson,3.61678,1110.54,1000,0.110536
1000,13,1_LowRank_Trace_approx_Frobenius,Tr(S),Hutch++,4.57662,1000,1000,1.02318e-15
1000,13,1_LowRank_Trace_approx_Frobenius,Tr(SS),Hutchinson,7.2198,1.11054e+06,1e+06,0.110536
1000,13,1_LowRank_Trace_approx_Frobenius,Tr(SS),Hutch++,6.10749,1e+06,1e+06,3.72529e-15
1000,14,1_LowRank_Trace_approx_Frobenius,Tr(S),Hutchinson,3.58312,894.018,1000,0.105982
1000,14,1_LowRank_Trace_approx_Frobenius,Tr(S),Hutch++,4.54852,1000,1000,7.95808e-16
1000,14,1_LowRank_Trace_approx_Frobenius,Tr(SS),Hutchinson,6.92205,894018,1e+06,0.105982
1000,14,1_LowRank_Trace_approx_Frobenius,Tr(SS),Hutch++,5.89686,1e+06,1e+06,3.95812e-15
1000,0,2_PDE_Like_Medium,Tr(S),Hutchinson,4.16181,1698.42,1487.26,0.141977
1000,0,2_PDE_Like_Medium,Tr(S),Hutch++,4.69144,1487.41,1487.26,0.000100611
1000,0,2_PDE_Like_Medium,Tr(SS),Hutchinson,7.25809,410776,338440,0.213736
1000,0,2_PDE_Like_Medium,Tr(SS),Hutch++,6.03331,338440,338440,5.18576e-08
1000,1,2_PDE_Like_Medium,Tr(S),Hutchinson,3.59056,1563.42,1487.26,0.0512038
1000,1,2_PDE_Like_Medium,Tr(S),Hutch++,4.75731,1486.96,1487.26,0.000203126
1000,1,2_PDE_Like_Medium,Tr(SS),Hutchinson,6.8848,366454,338440,0.0827757
1000,1,2_PDE_Like_Medium,Tr(SS),Hutch++,5.76342,338440,338440,6.95111e-08
1000,2,2_PDE_Like_Medium,Tr(S),Hutchinson,3.54823,1559.85,1487.26,0.0488074
1000,2,2_PDE_Like_Medium,Tr(S),Hutch++,4.47917,1487.33,1487.26,4.61735e-05
1000,2,2_PDE_Like_Medium,Tr(SS),Hutchinson,6.82244,358458,338440,0.0591478
1000,2,2_PDE_Like_Medium,Tr(SS),Hutch++,5.86011,338440,338440,9.86764e-08
1000,3,2_PDE_Like_Medium,Tr(S),Hutchinson,3.55205,1669.4,1487.26,0.122466
1000,3,2_PDE_Like_Medium,Tr(S),Hutch++,4.4801,1487.25,1487.26,9.86131e-06
1000,3,2_PDE_Like_Medium,Tr(SS),Hutchinson,6.81455,394165,338440,0.164652
1000,3,2_PDE_Like_Medium,Tr(SS),Hutch++,5.85353,338440,338440,1.33316e-09
1000,4,2_PDE_Like_Medium,Tr(S),Hutchinson,3.56946,1601.28,1487.26,0.0766633
1000,4,2_PDE_Like_Medium,Tr(S),Hutch++,4.56098,1487.56,1487.26,0.000199481
1000,4,2_PDE_Like_Medium,Tr(SS),Hutchinson,6.80865,365912,338440,0.081175
1000,4,2_PDE_Like_Medium,Tr(SS),Hutch++,6.75407,338440,338440,1.82214e-07
1000,5,2_PDE_Like_Medium,Tr(S),Hutchinson,3.78452,1519.96,1487.26,0.021982
1000,5,2_PDE_Like_Medium,Tr(S),Hutch++,4.58761,1487.08,1487.26,0.000121389
1000,5,2_PDE_Like_Medium,Tr(SS),Hutchinson,6.93646,363408,338440,0.073774
1000,5,2_PDE_Like_Medium,Tr(SS),Hutch++,5.9481,338440,338440,3.15017e-08
1000,6,2_PDE_Like_Medium,Tr(S),Hutchinson,3.80283,1540.46,1487.26,0.03577
1000,6,2_PDE_Like_Medium,Tr(S),Hutch++,4.68412,1487.55,1487.26,0.000190331
1000,6,2_PDE_Like_Medium,Tr(SS),Hutchinson,6.97431,357361,338440,0.0559069
1000,6,2_PDE_Like_Medium,Tr(SS),Hutch++,5.86022,338440,338440,8.96855e-08
1000,7,2_PDE_Like_Medium,Tr(S),Hutchinson,3.53272,1544.97,1487.26,0.0388002
1000,7,2_PDE_Like_Medium,Tr(S),Hutch++,4.60217,1487.29,1487.26,2.06091e-05
1000,7,2_PDE_Like_Medium,Tr(SS),Hutchinson,7.2061,355550,338440,0.0505577
1000,7,2_PDE_Like_Medium,Tr(SS),Hutch++,6.94184,338440,338440,2.33875e-08
1000,8,2_PDE_Like_Medium,Tr(S),Hutchinson,3.81355,1668.62,1487.26,0.121942
1000,8,2_PDE_Like_Medium,Tr(S),Hutch++,4.93472,1487.05,1487.26,0.000143174
1000,8,2_PDE_Like_Medium,Tr(SS),Hutchinson,7.1385,388692,338440,0.148483
1000,8,2_PDE_Like_Medium,Tr(SS),Hutch++,5.95937,338440,338440,1.14846e-07
1000,9,2_PDE_Like_Medium,Tr(S),Hutchinson,3.58417,1622.66,1487.26,0.0910352
1000,9,2_PDE_Like_Medium,Tr(S),Hutch++,4.6368,1487.39,1487.26,8.49638e-05
1000,9,2_PDE_Like_Medium,Tr(SS),Hutchinson,7.08845,382775,338440,0.131
1000,9,2_PDE_Like_Medium,Tr(SS),Hutch++,6.6158,338440,338440,4.83855e-09
1000,10,2_PDE_Like_Medium,Tr(S),Hutchinson,3.67948,1443.37,1487.26,0.0295142
1000,10,2_PDE_Like_Medium,Tr(S),Hutch++,4.71731,1487.24,1487.26,1.92392e-05
1000,10,2_PDE_Like_Medium,Tr(SS),Hutchinson,7.04668,320465,338440,0.0531115
1000,10,2_PDE_Like_Medium,Tr(SS),Hutch++,5.9673,338440,338440,1.70909e-08
1000,11,2_PDE_Like_Medium,Tr(S),Hutchinson,3.62681,1633.71,1487.26,0.0984639
1000,11,2_PDE_Like_Medium,Tr(S),Hutch++,4.54537,1487.59,1487.26,0.000216169
1000,11,2_PDE_Like_Medium,Tr(SS),Hutchinson,6.84802,376070,338440,0.111188
1000,11,2_PDE_Like_Medium,Tr(SS),Hutch++,6.20846,338440,338440,9.28335e-08
1000,12,2_PDE_Like_Medium,Tr(S),Hutchinson,3.69831,1450.7,1487.26,0.0245829
1000,12,2_PDE_Like_Medium,Tr(S),Hutch++,4.62971,1487.26,1487.26,4.79184e-06
1000,12,2_PDE_Like_Medium,Tr(SS),Hutchinson,6.93769,331413,338440,0.0207626
1000,12,2_PDE_Like_Medium,Tr(SS),Hutch++,6.1448,338440,338440,8.1416e-09
1000,13,2_PDE_Like_Medium,Tr(S),Hutchinson,3.75034,1393.61,1487.26,0.0629714
1000,13,2_PDE_Like_Medium,Tr(S),Hutch++,4.92104,1487.26,1487.26,4.84259e-06
1000,13,2_PDE_Like_Medium,Tr(SS),Hutchinson,6.9664,316263,338440,0.0655275
1000,13,2_PDE_Like_Medium,Tr(SS),Hutch++,6.00539,338440,338440,1.49735e-09
1000,14,2_PDE_Like_Medium,Tr(S),Hutchinson,3.67635,1629.8,1487.26,0.0958376
1000,14,2_PDE_Like_Medium,Tr(S),Hutch++,4.79798,1487.15,1487.26,7.67534e-05
1000,14,2_PDE_Like_Medium,Tr(SS),Hutchinson,6.97779,376019,338440,0.111037
1000,14,2_PDE_Like_Medium,Tr(SS),Hutch++,6.27348,338440,338440,4.65624e-08
1000,0,3_Random_Flat,Tr(S),Hutchinson,4.65003,334762,332790,0.00592429
1000,0,3_Random_Flat,Tr(S),Hutch++,5.04804,334559,332790,0.00531465
1000,0,3_Random_Flat,Tr(SS),Hutchinson,7.60992,2.23945e+08,2.21451e+08,0.0112617
1000,0,3_Random_Flat,Tr(SS),Hutch++,6.47007,2.23567e+08,2.21451e+08,0.009554
1000,1,3_Random_Flat,Tr(S),Hutchinson,4.01362,330807,332790,0.00595915
1000,1,3_Random_Flat,Tr(S),Hutch++,5.14487,334588,332790,0.00540374
1000,1,3_Random_Flat,Tr(SS),Hutchinson,8.08995,2.21213e+08,2.21451e+08,0.00107578
1000,1,3_Random_Flat,Tr(SS),Hutch++,6.84572,2.20739e+08,2.21451e+08,0.00321813
1000,2,3_Random_Flat,Tr(S),Hutchinson,4.22463,334117,332790,0.00398607
1000,2,3_Random_Flat,Tr(S),Hutch++,5.50776,329410,332790,0.0101567
1000,2,3_Random_Flat,Tr(SS),Hutchinson,8.00164,2.22546e+08,2.21451e+08,0.00494093
1000,2,3_Random_Flat,Tr(SS),Hutch++,7.01205,2.18618e+08,2.21451e+08,0.0127959
1000,3,3_Random_Flat,Tr(S),Hutchinson,4.22196,332374,332790,0.0012488
1000,3,3_Random_Flat,Tr(S),Hutch++,5.28475,331287,332790,0.00451668
1000,3,3_Random_Flat,Tr(SS),Hutchinson,7.86037,2.21824e+08,2.21451e+08,0.00168344
1000,3,3_Random_Flat,Tr(SS),Hutch++,6.79174,2.20784e+08,2.21451e+08,0.00301512
1000,4,3_Random_Flat,Tr(S),Hutchinson,4.18999,335516,332790,0.00819009
1000,4,3_Random_Flat,Tr(S),Hutch++,5.20995,335247,332790,0.0073824
1000,4,3_Random_Flat,Tr(SS),Hutchinson,7.86834,2.25405e+08,2.21451e+08,0.0178548
1000,4,3_Random_Flat,Tr(SS),Hutch++,6.99601,2.24142e+08,2.21451e+08,0.0121509
1000,5,3_Random_Flat,Tr(S),Hutchinson,4.22282,333238,332790,0.00134476
1000,5,3_Random_Flat,Tr(S),Hutch++,5.29189,329617,332790,0.00953344
1000,5,3_Random_Flat,Tr(SS),Hutchinson,8.02872,2.2199e+08,2.21451e+08,0.00242974
1000,5,3_Random_Flat,Tr(SS),Hutch++,7.17515,2.17096e+08,2.21451e+08,0.0196671
1000,6,3_Random_Flat,Tr(S),Hutchinson,4.30672,330634,332790,0.00647868
1000,6,3_Random_Flat,Tr(S),Hutch++,5.70711,332131,332790,0.00198148
1000,6,3_Random_Flat,Tr(SS),Hutchinson,8.66504,2.19824e+08,2.21451e+08,0.00734805
1000,6,3_Random_Flat,Tr(SS),Hutch++,7.90811,2.20262e+08,2.21451e+08,0.00537266
1000,7,3_Random_Flat,Tr(S),Hutchinson,4.53569,332109,332790,0.00204502
1000,7,3_Random_Flat,Tr(S),Hutch++,5.73841,328190,332790,0.0138222
1000,7,3_Random_Flat,Tr(SS),Hutchinson,8.24135,2.21223e+08,2.21451e+08,0.00103036
1000,7,3_Random_Flat,Tr(SS),Hutch++,7.02116,2.18538e+08,2.21451e+08,0.0131566
1000,8,3_Random_Flat,Tr(S),Hutchinson,4.20284,331042,332790,0.00525328
1000,8,3_Random_Flat,Tr(S),Hutch++,5.25549,335039,332790,0.00675801
1000,8,3_Random_Flat,Tr(SS),Hutchinson,7.95299,2.19626e+08,2.21451e+08,0.00824218
1000,8,3_Random_Flat,Tr(SS),Hutch++,7.586,2.23292e+08,2.21451e+08,0.00831249
1000,9,3_Random_Flat,Tr(S),Hutchinson,4.44957,332634,332790,0.000467679
1000,9,3_Random_Flat,Tr(S),Hutch++,5.69539,331816,332790,0.00292805
1000,9,3_Random_Flat,Tr(SS),Hutchinson,8.85185,2.21225e+08,2.21451e+08,0.00102192
1000,9,3_Random_Flat,Tr(SS),Hutch++,7.87359,2.1979e+08,2.21451e+08,0.00750375
1000,10,3_Random_Flat,Tr(S),Hutchinson,4.69266,331676,332790,0.0033479
1000,10,3_Random_Flat,Tr(S),Hutch++,5.7057,330376,332790,0.00725506
1000,10,3_Random_Flat,Tr(SS),Hutchinson,8.37203,2.20621e+08,2.21451e+08,0.00374867
1000,10,3_Random_Flat,Tr(SS),Hutch++,7.20655,2.1902e+08,2.21451e+08,0.0109816
1000,11,3_Random_Flat,Tr(S),Hutchinson,4.41077,331544,332790,0.00374489
1000,11,3_Random_Flat,Tr(S),Hutch++,5.57097,335030,332790,0.00673148
1000,11,3_Random_Flat,Tr(SS),Hutchinson,8.13358,2.20894e+08,2.21451e+08,0.00251706
1000,11,3_Random_Flat,Tr(SS),Hutch++,7.01256,2.23834e+08,2.21451e+08,0.0107586
1000,12,3_Random_Flat,Tr(S),Hutchinson,4.29807,333345,332790,0.00166682
1000,12,3_Random_Flat,Tr(S),Hutch++,5.32622,333155,332790,0.00109607
1000,12,3_Random_Flat,Tr(SS),Hutchinson,7.98128,2.21678e+08,2.21451e+08,0.00102443
1000,12,3_Random_Flat,Tr(SS),Hutch++,7.07381,2.20893e+08,2.21451e+08,0.00252347
1000,13,3_Random_Flat,Tr(S),Hutchinson,4.29495,332285,332790,0.00151803
1000,13,3_Random_Flat,Tr(S),Hutch++,5.52247,335471,332790,0.00805604
1000,13,3_Random_Flat,Tr(SS),Hutchinson,8.40333,2.21056e+08,2.21451e+08,0.00178598
1000,13,3_Random_Flat,Tr(SS),Hutch++,7.39499,2.22786e+08,2.21451e+08,0.00602673
1000,14,3_Random_Flat,Tr(S),Hutchinson,4.4951,330514,332790,0.00683932
1000,14,3_Random_Flat,Tr(S),Hutch++,5.66824,336247,332790,0.0103872
1000,14,3_Random_Flat,Tr(SS),Hutchinson,8.23546,2.19851e+08,2.21451e+08,0.00722811
1000,14,3_Random_Flat,Tr(SS),Hutch++,6.98827,2.2443e+08,2.21451e+08,0.0134511
2000,0,1_LowRank_Trace_approx_Frobenius,Tr(S),Hutchinson,16.3434,2277.35,2000,0.138677
2000,0,1_LowRank_Trace_approx_Frobenius,Tr(S),Hutch++,22.5843,2000,2000,4.54747e-16
2000,0,1_LowRank_Trace_approx_Frobenius,Tr(SS),Hutchinson,33.1174,4.55471e+06,4e+06,0.138677
2000,0,1_LowRank_Trace_approx_Frobenius,Tr(SS),Hutch++,28.4361,4e+06,4e+06,9.77889e-15
2000,1,1_LowRank_Trace_approx_Frobenius,Tr(S),Hutchinson,16.1973,2145.95,2000,0.072973
2000,1,1_LowRank_Trace_approx_Frobenius,Tr(S),Hutch++,21.1805,2000,2000,4.54747e-16
2000,1,1_LowRank_Trace_approx_Frobenius,Tr(SS),Hutchinson,33.4039,4.29189e+06,4e+06,0.072973
2000,1,1_LowRank_Trace_approx_Frobenius,Tr(SS),Hutch++,29.4505,4e+06,4e+06,1.00117e-14
2000,2,1_LowRank_Trace_approx_Frobenius,Tr(S),Hutchinson,16.8129,2404.91,2000,0.202456
2000,2,1_LowRank_Trace_approx_Frobenius,Tr(S),Hutch++,21.7127,2000,2000,5.68434e-16
2000,2,1_LowRank_Trace_approx_Frobenius,Tr(SS),Hutchinson,33.577,4.80982e+06,4e+06,0.202456
2000,2,1_LowRank_Trace_approx_Frobenius,Tr(SS),Hutch++,28.0419,4e+06,4e+06,1.00117e-14
2000,3,1_LowRank_Trace_approx_Frobenius,Tr(S),Hutchinson,16.1444,1845.2,2000,0.0773978
2000,3,1_LowRank_Trace_approx_Frobenius,Tr(S),Hutch++,21.2739,2000,2000,6.82121e-16
2000,3,1_LowRank_Trace_approx_Frobenius,Tr(SS),Hutchinson,33.7469,3.69041e+06,4e+06,0.0773978
2000,3,1_LowRank_Trace_approx_Frobenius,Tr(SS),Hutch++,28.1257,4e+06,4e+06,9.66247e-15
2000,4,1_LowRank_Trace_approx_Frobenius,Tr(S),Hutchinson,16.4548,2194.48,2000,0.0972402
2000,4,1_LowRank_Trace_approx_Frobenius,Tr(S),Hutch++,21.1958,2000,2000,9.09495e-16
2000,4,1_LowRank_Trace_approx_Frobenius,Tr(SS),Hutchinson,33.7671,4.38896e+06,4e+06,0.0972402
2000,4,1_LowRank_Trace_approx_Frobenius,Tr(SS),Hutch++,28.3677,4e+06,4e+06,1.02445e-14
2000,5,1_LowRank_Trace_approx_Frobenius,Tr(S),Hutchinson,16.3051,2087.41,2000,0.0437055
2000,5,1_LowRank_Trace_approx_Frobenius,Tr(S),Hutch++,23.2396,2000,2000,6.82121e-16
2000,5,1_LowRank_Trace_approx_Frobenius,Tr(SS),Hutchinson,34.8236,4.17482e+06,4e+06,0.0437055
2000,5,1_LowRank_Trace_approx_Frobenius,Tr(SS),Hutch++,29.3081,4e+06,4e+06,9.42964e-15
2000,6,1_LowRank_Trace_approx_Frobenius,Tr(S),Hutchinson,16.4456,2286.85,2000,0.143424
2000,6,1_LowRank_Trace_approx_Frobenius,Tr(S),Hutch++,21.9559,2000,2000,5.68434e-16
2000,6,1_LowRank_Trace_approx_Frobenius,Tr(SS),Hutchinson,33.5678,4.5737e+06,4e+06,0.143424
2000,6,1_LowRank_Trace_approx_Frobenius,Tr(SS),Hutch++,28.5034,4e+06,4e+06,9.77889e-15
2000,7,1_LowRank_Trace_approx_Frobenius,Tr(S),Hutchinson,16.1041,1936.18,2000,0.0319089
2000,7,1_LowRank_Trace_approx_Frobenius,Tr(S),Hutch++,21.4876,2000,2000,3.41061e-16
2000,7,1_LowRank_Trace_approx_Frobenius,Tr(SS),Hutchinson,34.1746,3.87236e+06,4e+06,0.0319089
2000,7,1_LowRank_Trace_approx_Frobenius,Tr(SS),Hutch++,27.9208,4e+06,4e+06,1.00117e-14
2000,8,1_LowRank_Trace_approx_Frobenius,Tr(S),Hutchinson,16.8087,2281.17,2000,0.140587
2000,8,1_LowRank_Trace_approx_Frobenius,Tr(S),Hutch++,22.3055,2000,2000,2.27374e-16
2000,8,1_LowRank_Trace_approx_Frobenius,Tr(SS),Hutchinson,34.7894,4.56235e+06,4e+06,0.140587
2000,8,1_LowRank_Trace_approx_Frobenius,Tr(SS),Hutch++,28.827,4e+06,4e+06,1.00117e-14
2000,9,1_LowRank_Trace_approx_Frobenius,Tr(S),Hutchinson,16.2504,1579.18,2000,0.21041
2000,9,1_LowRank_Trace_approx_Frobenius,Tr(S),Hutch++,22.28,2000,2000,6.82121e-16
2000,9,1_LowRank_Trace_approx_Frobenius,Tr(SS),Hutchinson,34.2266,3.15836e+06,4e+06,0.21041
2000,9,1_LowRank_Trace_approx_Frobenius,Tr(SS),Hutch++,28.341,4e+06,4e+06,9.54606e-15
2000,10,1_LowRank_Trace_approx_Frobenius,Tr(S),Hutchinson,16.4025,2036.94,2000,0.0184714
2000,10,1_LowRank_Trace_approx_Frobenius,Tr(S),Hutch++,22.0177,2000,2000,1.13687e-16
2000,10,1_LowRank_Trace_approx_Frobenius,Tr(SS),Hutchinson,33.7906,4.07389e+06,4e+06,0.0184714
2000,10,1_LowRank_Trace_approx_Frobenius,Tr(SS),Hutch++,28.1953,4e+06,4e+06,9.8953e-15
2000,11,1_LowRank_Trace_approx_Frobenius,Tr(S),Hutchinson,16.7293,2232.82,2000,0.11641
2000,11,1_LowRank_Trace_approx_Frobenius,Tr(S),Hutch++,22.1094,2000,2000,2.27374e-16
2000,11,1_LowRank_Trace_approx_Frobenius,Tr(SS),Hutchinson,33.7133,4.46564e+06,4e+06,0.11641
2000,11,1_LowRank_Trace_approx_Frobenius,Tr(SS),Hutch++,28.5309,4e+06,4e+06,9.77889e-15
2000,12,1_LowRank_Trace_approx_Frobenius,Tr(S),Hutchinson,16.8876,1519.03,2000,0.240483
2000,12,1_LowRank_Trace_approx_Frobenius,Tr(S),Hutch++,22.4863,2000,2000,7.95808e-16
2000,12,1_LowRank_Trace_approx_Frobenius,Tr(SS),Hutchinson,34.1131,3.03807e+06,4e+06,0.240483
2000,12,1_LowRank_Trace_approx_Frobenius,Tr(SS),Hutch++,28.3952,4e+06,4e+06,9.77889e-15
2000,13,1_LowRank_Trace_approx_Frobenius,Tr(S),Hutchinson,16.1759,2095.48,2000,0.0477399
2000,13,1_LowRank_Trace_approx_Frobenius,Tr(S),Hutch++,22.2256,2000,2000,4.54747e-16
2000,13,1_LowRank_Trace_approx_Frobenius,Tr(SS),Hutchinson,34.1525,4.19096e+06,4e+06,0.0477399
2000,13,1_LowRank_Trace_approx_Frobenius,Tr(SS),Hutch++,28.7481,4e+06,4e+06,9.77889e-15
2000,14,1_LowRank_Trace_approx_Frobenius,Tr(S),Hutchinson,16.4755,2279.22,2000,0.139609
2000,14,1_LowRank_Trace_approx_Frobenius,Tr(S),Hutch++,21.966,2000,2000,6.82121e-16
2000,14,1_LowRank_Trace_approx_Frobenius,Tr(SS),Hutchinson,34.0786,4.55844e+06,4e+06,0.139609
2000,14,1_LowRank_Trace_approx_Frobenius,Tr(SS),Hutch++,28.7423,4e+06,4e+06,1.02445e-14
2000,0,2_PDE_Like_Medium,Tr(S),Hutchinson,17.8976,2825.23,2979.49,0.0517733
2000,0,2_PDE_Like_Medium,Tr(S),Hutch++,22.5694,2979.5,2979.49,3.1037e-06
2000,0,2_PDE_Like_Medium,Tr(SS),Hutchinson,32.9616,1.2359e+06,1.35731e+06,0.0894446
2000,0,2_PDE_Like_Medium,Tr(SS),Hutch++,28.185,1.35731e+06,1.35731e+06,2.9766e-08
2000,1,2_PDE_Like_Medium,Tr(S),Hutchinson,17.2112,2847.26,2979.49,0.0443784
2000,1,2_PDE_Like_Medium,Tr(S),Hutch++,22.2078,2979.35,2979.49,4.64069e-05
2000,1,2_PDE_Like_Medium,Tr(SS),Hutchinson,32.6609,1.24021e+06,1.35731e+06,0.0862711
2000,1,2_PDE_Like_Medium,Tr(SS),Hutch++,29.0427,1.35731e+06,1.35731e+06,7.61981e-09
2000,2,2_PDE_Like_Medium,Tr(S),Hutchinson,17.0959,2939.07,2979.49,0.0135634
2000,2,2_PDE_Like_Medium,Tr(S),Hutch++,21.8528,2979.77,2979.49,9.53207e-05
2000,2,2_PDE_Like_Medium,Tr(SS),Hutchinson,32.9826,1.31908e+06,1.35731e+06,0.0281596
2000,2,2_PDE_Like_Medium,Tr(SS),Hutch++,28.7541,1.35731e+06,1.35731e+06,1.06419e-08
2000,3,2_PDE_Like_Medium,Tr(S),Hutchinson,17.2547,2998.74,2979.49,0.0064612
2000,3,2_PDE_Like_Medium,Tr(S),Hutch++,22.714,2980.27,2979.49,0.000261409
2000,3,2_PDE_Like_Medium,Tr(SS),Hutchinson,33.0592,1.32954e+06,1.35731e+06,0.0204572
2000,3,2_PDE_Like_Medium,Tr(SS),Hutch++,29.0539,1.35731e+06,1.35731e+06,1.36991e-07
2000,4,2_PDE_Like_Medium,Tr(S),Hutchinson,17.1214,3114.68,2979.49,0.0453732
2000,4,2_PDE_Like_Medium,Tr(S),Hutch++,21.8637,2980.06,2979.49,0.000192948
2000,4,2_PDE_Like_Medium,Tr(SS),Hutchinson,33.0504,1.41972e+06,1.35731e+06,0.0459831
2000,4,2_PDE_Like_Medium,Tr(SS),Hutch++,28.7194,1.35731e+06,1.35731e+06,7.13527e-08
2000,5,2_PDE_Like_Medium,Tr(S),Hutchinson,16.5886,2969.18,2979.49,0.00345757
2000,5,2_PDE_Like_Medium,Tr(S),Hutch++,22.3639,2980.15,2979.49,0.000224431
2000,5,2_PDE_Like_Medium,Tr(SS),Hutchinson,33.0186,1.38056e+06,1.35731e+06,0.0171356
2000,5,2_PDE_Like_Medium,Tr(SS),Hutch++,29.0035,1.35731e+06,1.35731e+06,1.43506e-07
2000,6,2_PDE_Like_Medium,Tr(S),Hutchinson,16.779,2904.81,2979.49,0.0250644
2000,6,2_PDE_Like_Medium,Tr(S),Hutch++,21.737,2979.58,2979.49,3.06648e-05
2000,6,2_PDE_Like_Medium,Tr(SS),Hutchinson,32.9461,1.31621e+06,1.35731e+06,0.0302772
2000,6,2_PDE_Like_Medium,Tr(SS),Hutch++,28.7334,1.35731e+06,1.35731e+06,1.94461e-08
2000,7,2_PDE_Like_Medium,Tr(S),Hutchinson,16.8929,2888.98,2979.49,0.0303753
2000,7,2_PDE_Like_Medium,Tr(S),Hutch++,22.1399,2979.53,2979.49,1.34855e-05
2000,7,2_PDE_Like_Medium,Tr(SS),Hutchinson,32.9468,1.2899e+06,1.35731e+06,0.0496596
2000,7,2_PDE_Like_Medium,Tr(SS),Hutch++,28.8204,1.35731e+06,1.35731e+06,1.51318e-08
2000,8,2_PDE_Like_Medium,Tr(S),Hutchinson,16.8967,2636.65,2979.49,0.115065
2000,8,2_PDE_Like_Medium,Tr(S),Hutch++,21.8431,2979.02,2979.49,0.000155749
2000,8,2_PDE_Like_Medium,Tr(SS),Hutchinson,33.0936,1.12388e+06,1.35731e+06,0.171977
2000,8,2_PDE_Like_Medium,Tr(SS),Hutch++,28.8283,1.35731e+06,1.35731e+06,9.01992e-08
2000,9,2_PDE_Like_Medium,Tr(S),Hutchinson,16.8282,2991.08,2979.49,0.00389202
2000,9,2_PDE_Like_Medium,Tr(S),Hutch++,21.927,2979.29,2979.49,6.43956e-05
2000,9,2_PDE_Like_Medium,Tr(SS),Hutchinson,33.0861,1.38132e+06,1.35731e+06,0.0176935
2000,9,2_PDE_Like_Medium,Tr(SS),Hutch++,28.6507,1.35731e+06,1.35731e+06,5.37124e-08
2000,10,2_PDE_Like_Medium,Tr(S),Hutchinson,17.013,3215.36,2979.49,0.0791663
2000,10,2_PDE_Like_Medium,Tr(S),Hutch++,21.6826,2979.54,2979.49,1.84566e-05
2000,10,2_PDE_Like_Medium,Tr(SS),Hutchinson,32.7545,1.49692e+06,1.35731e+06,0.102863
2000,10,2_PDE_Like_Medium,Tr(SS),Hutch++,29.0367,1.35731e+06,1.35731e+06,6.82954e-09
2000,11,2_PDE_Like_Medium,Tr(S),Hutchinson,17.1162,2732.63,2979.49,0.0828523
2000,11,2_PDE_Like_Medium,Tr(S),Hutch++,21.6173,2979.65,2979.49,5.35734e-05
2000,11,2_PDE_Like_Medium,Tr(SS),Hutchinson,33.1222,1.16376e+06,1.35731e+06,0.142598
2000,11,2_PDE_Like_Medium,Tr(SS),Hutch++,29.3567,1.35731e+06,1.35731e+06,1.23179e-08
2000,12,2_PDE_Like_Medium,Tr(S),Hutchinson,17.6624,3145.81,2979.49,0.0558224
2000,12,2_PDE_Like_Medium,Tr(S),Hutch++,22.4052,2979.79,2979.49,0.000102087
2000,12,2_PDE_Like_Medium,Tr(SS),Hutchinson,35.0698,1.47915e+06,1.35731e+06,0.0897692
2000,12,2_PDE_Like_Medium,Tr(SS),Hutch++,30.013,1.35731e+06,1.35731e+06,1.87559e-08
2000,13,2_PDE_Like_Medium,Tr(S),Hutchinson,17.0858,2874.85,2979.49,0.0351184
2000,13,2_PDE_Like_Medium,Tr(S),Hutch++,22.0044,2979.02,2979.49,0.000156784
2000,13,2_PDE_Like_Medium,Tr(SS),Hutchinson,32.9031,1.31555e+06,1.35731e+06,0.0307637
2000,13,2_PDE_Like_Medium,Tr(SS),Hutch++,29.4604,1.35731e+06,1.35731e+06,9.42788e-08
2000,14,2_PDE_Like_Medium,Tr(S),Hutchinson,16.7636,2773.99,2979.49,0.0689687
2000,14,2_PDE_Like_Medium,Tr(S),Hutch++,21.7594,2979.34,2979.49,4.92427e-05
2000,14,2_PDE_Like_Medium,Tr(SS),Hutchinson,33.1089,1.21657e+06,1.35731e+06,0.103691
2000,14,2_PDE_Like_Medium,Tr(SS),Hutch++,29.5053,1.35731e+06,1.35731e+06,3.93759e-08
2000,0,3_Random_Flat,Tr(S),Hutchinson,17.5506,1.32798e+06,1.33338e+06,0.00404769
2000,0,3_Random_Flat,Tr(S),Hutch++,21.9357,1.33976e+06,1.33338e+06,0.0047865
2000,0,3_Random_Flat,Tr(SS),Hutchinson,33.5175,1.76673e+09,1.777e+09,0.00578295
2000,0,3_Random_Flat,Tr(SS),Hutch++,29.1822,1.79508e+09,1.777e+09,0.0101728
2000,1,3_Random_Flat,Tr(S),Hutchinson,17.0079,1.32407e+06,1.33338e+06,0.00698409
2000,1,3_Random_Flat,Tr(S),Hutch++,21.5997,1.33747e+06,1.33338e+06,0.00306486
2000,1,3_Random_Flat,Tr(SS),Hutchinson,33.0353,1.75895e+09,1.777e+09,0.0101596
2000,1,3_Random_Flat,Tr(SS),Hutch++,28.9334,1.78588e+09,1.777e+09,0.004996
2000,2,3_Random_Flat,Tr(S),Hutchinson,16.8313,1.32877e+06,1.33338e+06,0.00345423
2000,2,3_Random_Flat,Tr(S),Hutch++,21.6537,1.33637e+06,1.33338e+06,0.00224574
2000,2,3_Random_Flat,Tr(SS),Hutchinson,32.6576,1.76719e+09,1.777e+09,0.00552505
2000,2,3_Random_Flat,Tr(SS),Hutch++,29.0009,1.77979e+09,1.777e+09,0.0015679
2000,3,3_Random_Flat,Tr(S),Hutchinson,16.7716,1.33857e+06,1.33338e+06,0.00389131
2000,3,3_Random_Flat,Tr(S),Hutch++,21.7109,1.34293e+06,1.33338e+06,0.00716296
2000,3,3_Random_Flat,Tr(SS),Hutchinson,33.1915,1.78076e+09,1.777e+09,0.00211396
2000,3,3_Random_Flat,Tr(SS),Hutch++,29.6498,1.78715e+09,1.777e+09,0.00570899
2000,4,3_Random_Flat,Tr(S),Hutchinson,17.1005,1.33602e+06,1.33338e+06,0.00198414
2000,4,3_Random_Flat,Tr(S),Hutch++,21.8028,1.34013e+06,1.33338e+06,0.00506607
2000,4,3_Random_Flat,Tr(SS),Hutchinson,33.1416,1.78398e+09,1.777e+09,0.0039254
2000,4,3_Random_Flat,Tr(SS),Hutch++,29.3544,1.78822e+09,1.777e+09,0.00631076
2000,5,3_Random_Flat,Tr(S),Hutchinson,16.6891,1.33095e+06,1.33338e+06,0.00181863
2000,5,3_Random_Flat,Tr(S),Hutch++,21.5165,1.32674e+06,1.33338e+06,0.00498172
2000,5,3_Random_Flat,Tr(SS),Hutchinson,33.0586,1.77218e+09,1.777e+09,0.00271296
2000,5,3_Random_Flat,Tr(SS),Hutch++,29.1498,1.76009e+09,1.777e+09,0.00952067
2000,6,3_Random_Flat,Tr(S),Hutchinson,17.1351,1.33317e+06,1.33338e+06,0.000159402
2000,6,3_Random_Flat,Tr(S),Hutch++,21.7772,1.34511e+06,1.33338e+06,0.00880116
2000,6,3_Random_Flat,Tr(SS),Hutchinson,32.846,1.77998e+09,1.777e+09,0.00167246
2000,6,3_Random_Flat,Tr(SS),Hutch++,28.81,1.79822e+09,1.777e+09,0.011937
2000,7,3_Random_Flat,Tr(S),Hutchinson,16.6838,1.33126e+06,1.33338e+06,0.00158672
2000,7,3_Random_Flat,Tr(S),Hutch++,21.7818,1.32333e+06,1.33338e+06,0.00753419
2000,7,3_Random_Flat,Tr(SS),Hutchinson,33.0854,1.77121e+09,1.777e+09,0.00326019
2000,7,3_Random_Flat,Tr(SS),Hutch++,29.1545,1.76354e+09,1.777e+09,0.0075792
2000,8,3_Random_Flat,Tr(S),Hutchinson,16.8906,1.32661e+06,1.33338e+06,0.00507464
2000,8,3_Random_Flat,Tr(S),Hutch++,21.8361,1.32836e+06,1.33338e+06,0.00376117
2000,8,3_Random_Flat,Tr(SS),Hutchinson,32.9276,1.76708e+09,1.777e+09,0.00558239
2000,8,3_Random_Flat,Tr(SS),Hutch++,29.5112,1.76684e+09,1.777e+09,0.00571784
2000,9,3_Random_Flat,Tr(S),Hutchinson,16.611,1.33844e+06,1.33338e+06,0.00379549
2000,9,3_Random_Flat,Tr(S),Hutch++,21.6959,1.33299e+06,1.33338e+06,0.000292096
2000,9,3_Random_Flat,Tr(SS),Hutchinson,33.1155,1.78431e+09,1.777e+09,0.00410878
2000,9,3_Random_Flat,Tr(SS),Hutch++,29.3571,1.77666e+09,1.777e+09,0.000193316
2000,10,3_Random_Flat,Tr(S),Hutchinson,16.8852,1.32785e+06,1.33338e+06,0.00414526
2000,10,3_Random_Flat,Tr(S),Hutch++,21.6951,1.34178e+06,1.33338e+06,0.0062974
2000,10,3_Random_Flat,Tr(SS),Hutchinson,33.4783,1.76331e+09,1.777e+09,0.00770667
2000,10,3_Random_Flat,Tr(SS),Hutch++,29.6221,1.78644e+09,1.777e+09,0.00530838
2000,11,3_Random_Flat,Tr(S),Hutchinson,16.8336,1.33292e+06,1.33338e+06,0.000343286
2000,11,3_Random_Flat,Tr(S),Hutch++,21.469,1.3367e+06,1.33338e+06,0.00248814
2000,11,3_Random_Flat,Tr(SS),Hutchinson,33.3337,1.77392e+09,1.777e+09,0.0017378
2000,11,3_Random_Flat,Tr(SS),Hutch++,29.6449,1.78925e+09,1.777e+09,0.00688887
2000,12,3_Random_Flat,Tr(S),Hutchinson,16.7731,1.32977e+06,1.33338e+06,0.00270818
2000,12,3_Random_Flat,Tr(S),Hutch++,21.3553,1.34248e+06,1.33338e+06,0.00682879
2000,12,3_Random_Flat,Tr(SS),Hutchinson,32.8727,1.77033e+09,1.777e+09,0.00375683
2000,12,3_Random_Flat,Tr(SS),Hutch++,29.3403,1.7941e+09,1.777e+09,0.0096211
2000,13,3_Random_Flat,Tr(S),Hutchinson,16.7787,1.33087e+06,1.33338e+06,0.00188038
2000,13,3_Random_Flat,Tr(S),Hutch++,21.393,1.33315e+06,1.33338e+06,0.000168808
2000,13,3_Random_Flat,Tr(SS),Hutchinson,33.0154,1.77262e+09,1.777e+09,0.00246869
2000,13,3_Random_Flat,Tr(SS),Hutch++,29.3128,1.78035e+09,1.777e+09,0.00188198
2000,14,3_Random_Flat,Tr(S),Hutchinson,16.6883,1.34075e+06,1.33338e+06,0.00552706
2000,14,3_Random_Flat,Tr(S),Hutch++,21.5173,1.32014e+06,1.33338e+06,0.00993087
2000,14,3_Random_Flat,Tr(SS),Hutchinson,33.035,1.79347e+09,1.777e+09,0.00926664
2000,14,3_Random_Flat,Tr(SS),Hutch++,28.8336,1.75256e+09,1.777e+09,0.0137563
3000,0,1_LowRank_Trace_approx_Frobenius,Tr(S),Hutchinson,37.4432,2904.71,3000,0.0317644
3000,0,1_LowRank_Trace_approx_Frobenius,Tr(S),Hutch++,48.0428,3000,3000,1.51582e-15
3000,0,1_LowRank_Trace_approx_Frobenius,Tr(SS),Hutchinson,78.3281,8.71412e+06,9e+06,0.0317644
3000,0,1_LowRank_Trace_approx_Frobenius,Tr(SS),Hutch++,65.6842,9e+06,9e+06,9.93411e-15
3000,1,1_LowRank_Trace_approx_Frobenius,Tr(S),Hutchinson,38.1062,2985.58,3000,0.00480727
3000,1,1_LowRank_Trace_approx_Frobenius,Tr(S),Hutch++,48.0576,3000,3000,1.51582e-15
3000,1,1_LowRank_Trace_approx_Frobenius,Tr(SS),Hutchinson,77.741,8.95673e+06,9e+06,0.00480727
3000,1,1_LowRank_Trace_approx_Frobenius,Tr(SS),Hutch++,64.1746,9e+06,9e+06,9.10627e-15
3000,2,1_LowRank_Trace_approx_Frobenius,Tr(S),Hutchinson,38.9904,2593.85,3000,0.135384
3000,2,1_LowRank_Trace_approx_Frobenius,Tr(S),Hutch++,47.6454,3000,3000,1.81899e-15
3000,2,1_LowRank_Trace_approx_Frobenius,Tr(SS),Hutchinson,75.6531,7.78154e+06,9e+06,0.135384
3000,2,1_LowRank_Trace_approx_Frobenius,Tr(SS),Hutch++,64.0074,9e+06,9e+06,9.31323e-15
3000,3,1_LowRank_Trace_approx_Frobenius,Tr(S),Hutchinson,37.2343,3067.62,3000,0.0225416
3000,3,1_LowRank_Trace_approx_Frobenius,Tr(S),Hutch++,48.5585,3000,3000,1.81899e-15
3000,3,1_LowRank_Trace_approx_Frobenius,Tr(SS),Hutchinson,74.955,9.20287e+06,9e+06,0.0225416
3000,3,1_LowRank_Trace_approx_Frobenius,Tr(SS),Hutch++,63.4072,9e+06,9e+06,9.10627e-15
3000,4,1_LowRank_Trace_approx_Frobenius,Tr(S),Hutchinson,37.5,2411.26,3000,0.196247
3000,4,1_LowRank_Trace_approx_Frobenius,Tr(S),Hutch++,47.9987,3000,3000,1.36424e-15
3000,4,1_LowRank_Trace_approx_Frobenius,Tr(SS),Hutchinson,75.4977,7.23377e+06,9e+06,0.196247
3000,4,1_LowRank_Trace_approx_Frobenius,Tr(SS),Hutch++,65.0087,9e+06,9e+06,9.31323e-15
3000,5,1_LowRank_Trace_approx_Frobenius,Tr(S),Hutchinson,39.0551,2886.43,3000,0.0378578
3000,5,1_LowRank_Trace_approx_Frobenius,Tr(S),Hutch++,48.9807,3000,3000,1.51582e-15
3000,5,1_LowRank_Trace_approx_Frobenius,Tr(SS),Hutchinson,75.8325,8.65928e+06,9e+06,0.0378578
3000,5,1_LowRank_Trace_approx_Frobenius,Tr(SS),Hutch++,64.0465,9e+06,9e+06,9.31323e-15
3000,6,1_LowRank_Trace_approx_Frobenius,Tr(S),Hutchinson,37.2195,2808.28,3000,0.0639056
3000,6,1_LowRank_Trace_approx_Frobenius,Tr(S),Hutch++,47.5668,3000,3000,2.12215e-15
3000,6,1_LowRank_Trace_approx_Frobenius,Tr(SS),Hutchinson,76.4125,8.42485e+06,9e+06,0.0639056
3000,6,1_LowRank_Trace_approx_Frobenius,Tr(SS),Hutch++,64.273,9e+06,9e+06,9.10627e-15
3000,7,1_LowRank_Trace_approx_Frobenius,Tr(S),Hutchinson,37.0178,3408.88,3000,0.136292
3000,7,1_LowRank_Trace_approx_Frobenius,Tr(S),Hutch++,48.1094,3000,3000,1.51582e-15
3000,7,1_LowRank_Trace_approx_Frobenius,Tr(SS),Hutchinson,75.7761,1.02266e+07,9e+06,0.136292
3000,7,1_LowRank_Trace_approx_Frobenius,Tr(SS),Hutch++,63.1281,9e+06,9e+06,9.52019e-15
3000,8,1_LowRank_Trace_approx_Frobenius,Tr(S),Hutchinson,37.9181,3051.48,3000,0.0171592
3000,8,1_LowRank_Trace_approx_Frobenius,Tr(S),Hutch++,48.1916,3000,3000,1.66741e-15
3000,8,1_LowRank_Trace_approx_Frobenius,Tr(SS),Hutchinson,75.3111,9.15443e+06,9e+06,0.0171592
3000,8,1_LowRank_Trace_approx_Frobenius,Tr(SS),Hutch++,62.3178,9e+06,9e+06,9.72715e-15
3000,9,1_LowRank_Trace_approx_Frobenius,Tr(S),Hutchinson,38.4417,3013.89,3000,0.00463155
3000,9,1_LowRank_Trace_approx_Frobenius,Tr(S),Hutch++,47.0597,3000,3000,1.51582e-15
3000,9,1_LowRank_Trace_approx_Frobenius,Tr(SS),Hutchinson,74.9766,9.04168e+06,9e+06,0.00463155
3000,9,1_LowRank_Trace_approx_Frobenius,Tr(SS),Hutch++,62.9608,9e+06,9e+06,9.52019e-15
3000,10,1_LowRank_Trace_approx_Frobenius,Tr(S),Hutchinson,37.507,3054.47,3000,0.0181573
3000,10,1_LowRank_Trace_approx_Frobenius,Tr(S),Hutch++,47.4335,3000,3000,1.51582e-15
3000,10,1_LowRank_Trace_approx_Frobenius,Tr(SS),Hutchinson,76.0009,9.16342e+06,9e+06,0.0181573
3000,10,1_LowRank_Trace_approx_Frobenius,Tr(SS),Hutch++,63.3991,9e+06,9e+06,9.31323e-15
3000,11,1_LowRank_Trace_approx_Frobenius,Tr(S),Hutchinson,37.067,3607.63,3000,0.202542
3000,11,1_LowRank_Trace_approx_Frobenius,Tr(S),Hutch++,48.454,3000,3000,1.66741e-15
3000,11,1_LowRank_Trace_approx_Frobenius,Tr(SS),Hutchinson,74.9922,1.08229e+07,9e+06,0.202542
3000,11,1_LowRank_Trace_approx_Frobenius,Tr(SS),Hutch++,63.4706,9e+06,9e+06,9.31323e-15
3000,12,1_LowRank_Trace_approx_Frobenius,Tr(S),Hutchinson,37.2688,2930.46,3000,0.0231803
3000,12,1_LowRank_Trace_approx_Frobenius,Tr(S),Hutch++,49.2548,3000,3000,1.51582e-15
3000,12,1_LowRank_Trace_approx_Frobenius,Tr(SS),Hutchinson,77.2867,8.79138e+06,9e+06,0.0231803
3000,12,1_LowRank_Trace_approx_Frobenius,Tr(SS),Hutch++,62.8184,9e+06,9e+06,9.31323e-15
3000,13,1_LowRank_Trace_approx_Frobenius,Tr(S),Hutchinson,38.6468,3366.14,3000,0.122046
3000,13,1_LowRank_Trace_approx_Frobenius,Tr(S),Hutch++,47.5558,3000,3000,1.21266e-15
3000,13,1_LowRank_Trace_approx_Frobenius,Tr(SS),Hutchinson,75.5404,1.00984e+07,9e+06,0.122046
3000,13,1_LowRank_Trace_approx_Frobenius,Tr(SS),Hutch++,63.8044,9e+06,9e+06,9.10627e-15
3000,14,1_LowRank_Trace_approx_Frobenius,Tr(S),Hutchinson,37.9698,2967.49,3000,0.010837
3000,14,1_LowRank_Trace_approx_Frobenius,Tr(S),Hutch++,47.5082,3000,3000,1.51582e-15
3000,14,1_LowRank_Trace_approx_Frobenius,Tr(SS),Hutchinson,75.6788,8.90247e+06,9e+06,0.010837
3000,14,1_LowRank_Trace_approx_Frobenius,Tr(SS),Hutch++,63.4233,9e+06,9e+06,9.31323e-15
3000,0,2_PDE_Like_Medium,Tr(S),Hutchinson,37.2048,4695.67,4412.58,0.064156
3000,0,2_PDE_Like_Medium,Tr(S),Hutch++,47.0358,4412.83,4412.58,5.76051e-05
3000,0,2_PDE_Like_Medium,Tr(SS),Hutchinson,76.0231,3.1407e+06,2.92082e+06,0.0752803
3000,0,2_PDE_Like_Medium,Tr(SS),Hutch++,65.2574,2.92082e+06,2.92082e+06,1.26546e-08
3000,1,2_PDE_Like_Medium,Tr(S),Hutchinson,38.5101,4771.21,4412.58,0.0812763
3000,1,2_PDE_Like_Medium,Tr(S),Hutch++,48.3754,4412.55,4412.58,6.22669e-06
3000,1,2_PDE_Like_Medium,Tr(SS),Hutchinson,75.3248,3.26761e+06,2.92082e+06,0.118731
3000,1,2_PDE_Like_Medium,Tr(SS),Hutch++,64.0843,2.92082e+06,2.92082e+06,7.23251e-09
3000,2,2_PDE_Like_Medium,Tr(S),Hutchinson,37.1132,4261.5,4412.58,0.0342381
3000,2,2_PDE_Like_Medium,Tr(S),Hutch++,50.5409,4412.04,4412.58,0.000121112
3000,2,2_PDE_Like_Medium,Tr(SS),Hutchinson,78.3718,2.80927e+06,2.92082e+06,0.0381893
3000,2,2_PDE_Like_Medium,Tr(SS),Hutch++,63.9453,2.92082e+06,2.92082e+06,4.74941e-08
3000,3,2_PDE_Like_Medium,Tr(S),Hutchinson,41.3981,4773.87,4412.58,0.0818794
3000,3,2_PDE_Like_Medium,Tr(S),Hutch++,50.2161,4412.07,4412.58,0.000114349
3000,3,2_PDE_Like_Medium,Tr(SS),Hutchinson,85.2458,3.30334e+06,2.92082e+06,0.130965
3000,3,2_PDE_Like_Medium,Tr(SS),Hutch++,66.5937,2.92082e+06,2.92082e+06,1.00889e-07
3000,4,2_PDE_Like_Medium,Tr(S),Hutchinson,38.7806,4240.93,4412.58,0.0388999
3000,4,2_PDE_Like_Medium,Tr(S),Hutch++,48.6121,4412.58,4412.58,5.71689e-07
3000,4,2_PDE_Like_Medium,Tr(SS),Hutchinson,76.3054,2.73568e+06,2.92082e+06,0.0633856
3000,4,2_PDE_Like_Medium,Tr(SS),Hutch++,64.5448,2.92082e+06,2.92082e+06,1.65117e-08
3000,5,2_PDE_Like_Medium,Tr(S),Hutchinson,37.3245,4260.39,4412.58,0.0344886
3000,5,2_PDE_Like_Medium,Tr(S),Hutch++,48.8525,4413.74,4412.58,0.000263274
3000,5,2_PDE_Like_Medium,Tr(SS),Hutchinson,76.4087,2.82263e+06,2.92082e+06,0.0336171
3000,5,2_PDE_Like_Medium,Tr(SS),Hutch++,63.9233,2.92082e+06,2.92082e+06,1.6088e-07
3000,6,2_PDE_Like_Medium,Tr(S),Hutchinson,39.3793,4342.91,4412.58,0.0157887
3000,6,2_PDE_Like_Medium,Tr(S),Hutch++,50.0815,4412.33,4412.58,5.47616e-05
3000,6,2_PDE_Like_Medium,Tr(SS),Hutchinson,80.3548,2.86983e+06,2.92082e+06,0.0174561
3000,6,2_PDE_Like_Medium,Tr(SS),Hutch++,64.7703,2.92082e+06,2.92082e+06,1.64102e-08
3000,7,2_PDE_Like_Medium,Tr(S),Hutchinson,38.3154,4370.52,4412.58,0.00953116
3000,7,2_PDE_Like_Medium,Tr(S),Hutch++,47.6445,4412.28,4412.58,6.73932e-05
3000,7,2_PDE_Like_Medium,Tr(SS),Hutchinson,77.9575,2.8657e+06,2.92082e+06,0.0188697
3000,7,2_PDE_Like_Medium,Tr(SS),Hutch++,67.59,2.92082e+06,2.92082e+06,2.78089e-08
3000,8,2_PDE_Like_Medium,Tr(S),Hutchinson,41.7538,4455.98,4412.58,0.00983755
3000,8,2_PDE_Like_Medium,Tr(S),Hutch++,52.3372,4412.73,4412.58,3.59303e-05
3000,8,2_PDE_Like_Medium,Tr(SS),Hutchinson,82.1487,2.98932e+06,2.92082e+06,0.0234533
3000,8,2_PDE_Like_Medium,Tr(SS),Hutch++,67.5173,2.92082e+06,2.92082e+06,2.17553e-08
3000,9,2_PDE_Like_Medium,Tr(S),Hutchinson,40.1385,4568.81,4412.58,0.0354064
3000,9,2_PDE_Like_Medium,Tr(S),Hutch++,49.8812,4412.51,4412.58,1.56416e-05
3000,9,2_PDE_Like_Medium,Tr(SS),Hutchinson,79.8057,3.05943e+06,2.92082e+06,0.0474582
3000,9,2_PDE_Like_Medium,Tr(SS),Hutch++,66.3904,2.92082e+06,2.92082e+06,1.36457e-08
3000,10,2_PDE_Like_Medium,Tr(S),Hutchinson,39.2859,4308.57,4412.58,0.0235692
3000,10,2_PDE_Like_Medium,Tr(S),Hutch++,50.4076,4411.97,4412.58,0.000137143
3000,10,2_PDE_Like_Medium,Tr(SS),Hutchinson,79.214,2.90611e+06,2.92082e+06,0.00503485
3000,10,2_PDE_Like_Medium,Tr(SS),Hutch++,67.6815,2.92082e+06,2.92082e+06,8.15752e-08
3000,11,2_PDE_Like_Medium,Tr(S),Hutchinson,39.9737,4306.17,4412.58,0.0241138
3000,11,2_PDE_Like_Medium,Tr(S),Hutch++,52.4662,4411.95,4412.58,0.000142801
3000,11,2_PDE_Like_Medium,Tr(SS),Hutchinson,84.3178,2.8691e+06,2.92082e+06,0.0177069
3000,11,2_PDE_Like_Medium,Tr(SS),Hutch++,65.3813,2.92082e+06,2.92082e+06,1.12044e-07
3000,12,2_PDE_Like_Medium,Tr(S),Hutchinson,38.7088,3793.24,4412.58,0.140357
3000,12,2_PDE_Like_Medium,Tr(S),Hutch++,48.495,4412,4412.58,0.000130155
3000,12,2_PDE_Like_Medium,Tr(SS),Hutchinson,77.2202,2.44114e+06,2.92082e+06,0.164228
3000,12,2_PDE_Like_Medium,Tr(SS),Hutch++,64.7374,2.92082e+06,2.92082e+06,6.50662e-08
3000,13,2_PDE_Like_Medium,Tr(S),Hutchinson,37.5231,4149.58,4412.58,0.0596014
3000,13,2_PDE_Like_Medium,Tr(S),Hutch++,48.5959,4412.42,4412.58,3.49671e-05
3000,13,2_PDE_Like_Medium,Tr(SS),Hutchinson,77.0745,2.71537e+06,2.92082e+06,0.0703389
3000,13,2_PDE_Like_Medium,Tr(SS),Hutch++,64.9981,2.92082e+06,2.92082e+06,6.99332e-08
3000,14,2_PDE_Like_Medium,Tr(S),Hutchinson,37.5191,4249.41,4412.58,0.0369764
3000,14,2_PDE_Like_Medium,Tr(S),Hutch++,49.1967,4413.36,4412.58,0.000178176
3000,14,2_PDE_Like_Medium,Tr(SS),Hutchinson,77.0592,2.73816e+06,2.92082e+06,0.0625365
3000,14,2_PDE_Like_Medium,Tr(SS),Hutch++,63.3902,2.92082e+06,2.92082e+06,2.37879e-08
3000,0,3_Random_Flat,Tr(S),Hutchinson,38.8399,2.99241e+06,2.99995e+06,0.00251449
3000,0,3_Random_Flat,Tr(S),Hutch++,47.515,2.98761e+06,2.99995e+06,0.00411364
3000,0,3_Random_Flat,Tr(SS),Hutchinson,76.2087,5.97467e+09,6.00052e+09,0.00430645
3000,0,3_Random_Flat,Tr(SS),Hutch++,63.6856,5.97349e+09,6.00052e+09,0.0045033
3000,1,3_Random_Flat,Tr(S),Hutchinson,37.7777,2.98715e+06,2.99995e+06,0.00426802
3000,1,3_Random_Flat,Tr(S),Hutch++,48.9429,3.01494e+06,2.99995e+06,0.00499712
3000,1,3_Random_Flat,Tr(SS),Hutchinson,75.5539,5.95978e+09,6.00052e+09,0.0067879
3000,1,3_Random_Flat,Tr(SS),Hutch++,65.2778,6.04923e+09,6.00052e+09,0.00811847
3000,2,3_Random_Flat,Tr(S),Hutchinson,38.1372,3.00499e+06,2.99995e+06,0.00167884
3000,2,3_Random_Flat,Tr(S),Hutch++,48.6521,3.01315e+06,2.99995e+06,0.00440144
3000,2,3_Random_Flat,Tr(SS),Hutchinson,76.3735,6.01464e+09,6.00052e+09,0.00235432
3000,2,3_Random_Flat,Tr(SS),Hutch++,63.3316,6.07407e+09,6.00052e+09,0.0122576
3000,3,3_Random_Flat,Tr(S),Hutchinson,38.8594,2.99079e+06,2.99995e+06,0.00305248
3000,3,3_Random_Flat,Tr(S),Hutch++,48.3106,3.01012e+06,2.99995e+06,0.00338951
3000,3,3_Random_Flat,Tr(SS),Hutchinson,76.7581,5.97185e+09,6.00052e+09,0.00477764
3000,3,3_Random_Flat,Tr(SS),Hutch++,64.4957,6.0361e+09,6.00052e+09,0.00593078
3000,4,3_Random_Flat,Tr(S),Hutchinson,37.889,2.99123e+06,2.99995e+06,0.0029052
3000,4,3_Random_Flat,Tr(S),Hutch++,48.732,2.99894e+06,2.99995e+06,0.000337292
3000,4,3_Random_Flat,Tr(SS),Hutchinson,76.2748,5.97666e+09,6.00052e+09,0.00397523
3000,4,3_Random_Flat,Tr(SS),Hutch++,64.6326,5.97914e+09,6.00052e+09,0.00356262
3000,5,3_Random_Flat,Tr(S),Hutchinson,38.0461,3.00061e+06,2.99995e+06,0.000219631
3000,5,3_Random_Flat,Tr(S),Hutch++,49.528,3.00591e+06,2.99995e+06,0.00198689
3000,5,3_Random_Flat,Tr(SS),Hutchinson,71.7443,6.00499e+09,6.00052e+09,0.000745043
3000,5,3_Random_Flat,Tr(SS),Hutch++,55.9017,5.98474e+09,6.00052e+09,0.00262856
3000,6,3_Random_Flat,Tr(S),Hutchinson,32.3773,2.99997e+06,2.99995e+06,6.04945e-06
3000,6,3_Random_Flat,Tr(S),Hutch++,47.007,3.00683e+06,2.99995e+06,0.00229406
3000,6,3_Random_Flat,Tr(SS),Hutchinson,71.279,6.00698e+09,6.00052e+09,0.0010778
3000,6,3_Random_Flat,Tr(SS),Hutch++,62.5453,6.01333e+09,6.00052e+09,0.00213593
3000,7,3_Random_Flat,Tr(S),Hutchinson,35.1959,2.98534e+06,2.99995e+06,0.00487026
3000,7,3_Random_Flat,Tr(S),Hutch++,42.5847,3.0029e+06,2.99995e+06,0.000984052
3000,7,3_Random_Flat,Tr(SS),Hutchinson,67.4617,5.97063e+09,6.00052e+09,0.00498123
3000,7,3_Random_Flat,Tr(SS),Hutch++,59.1529,6.01357e+09,6.00052e+09,0.00217539
3000,8,3_Random_Flat,Tr(S),Hutchinson,33.8008,2.99692e+06,2.99995e+06,0.00100959
3000,8,3_Random_Flat,Tr(S),Hutch++,43.5329,2.99652e+06,2.99995e+06,0.00114311
3000,8,3_Random_Flat,Tr(SS),Hutchinson,66.0584,5.97487e+09,6.00052e+09,0.00427339
3000,8,3_Random_Flat,Tr(SS),Hutch++,56.8529,5.99544e+09,6.00052e+09,0.000846534
3000,9,3_Random_Flat,Tr(S),Hutchinson,33.4154,2.99768e+06,2.99995e+06,0.000758197
3000,9,3_Random_Flat,Tr(S),Hutch++,43.0577,2.99562e+06,2.99995e+06,0.00144235
3000,9,3_Random_Flat,Tr(SS),Hutchinson,66.6913,6.00609e+09,6.00052e+09,0.000928355
3000,9,3_Random_Flat,Tr(SS),Hutch++,56.7481,5.99202e+09,6.00052e+09,0.00141606
3000,10,3_Random_Flat,Tr(S),Hutchinson,33.6862,3.00706e+06,2.99995e+06,0.0023706
3000,10,3_Random_Flat,Tr(S),Hutch++,43.2562,3.0172e+06,2.99995e+06,0.00575047
3000,10,3_Random_Flat,Tr(SS),Hutchinson,66.6187,6.0233e+09,6.00052e+09,0.0037965
3000,10,3_Random_Flat,Tr(SS),Hutch++,58.3622,6.02935e+09,6.00052e+09,0.0048055
3000,11,3_Random_Flat,Tr(S),Hutchinson,33.5503,3.00383e+06,2.99995e+06,0.00129317
3000,11,3_Random_Flat,Tr(S),Hutch++,43.6095,3.01606e+06,2.99995e+06,0.00536895
3000,11,3_Random_Flat,Tr(SS),Hutchinson,66.3136,6.0054e+09,6.00052e+09,0.000813848
3000,11,3_Random_Flat,Tr(SS),Hutch++,57.2586,6.06162e+09,6.00052e+09,0.0101836
3000,12,3_Random_Flat,Tr(S),Hutchinson,33.5425,2.99119e+06,2.99995e+06,0.00292142
3000,12,3_Random_Flat,Tr(S),Hutch++,45.0103,2.98214e+06,2.99995e+06,0.00593597
3000,12,3_Random_Flat,Tr(SS),Hutchinson,71.1061,5.96444e+09,6.00052e+09,0.00601174
3000,12,3_Random_Flat,Tr(SS),Hutch++,67.3975,5.94003e+09,6.00052e+09,0.0100793
3000,13,3_Random_Flat,Tr(S),Hutchinson,42.7201,2.99782e+06,2.99995e+06,0.000711104
3000,13,3_Random_Flat,Tr(S),Hutch++,50.9281,2.99571e+06,2.99995e+06,0.00141455
3000,13,3_Random_Flat,Tr(SS),Hutchinson,75.7988,5.99221e+09,6.00052e+09,0.0013833
3000,13,3_Random_Flat,Tr(SS),Hutch++,65.9303,5.9585e+09,6.00052e+09,0.00700276
3000,14,3_Random_Flat,Tr(S),Hutchinson,38.005,2.99395e+06,2.99995e+06,0.00199938
3000,14,3_Random_Flat,Tr(S),Hutch++,49.9944,2.98907e+06,2.99995e+06,0.00362633
3000,14,3_Random_Flat,Tr(SS),Hutchinson,73.4764,5.98527e+09,6.00052e+09,0.00254124
3000,14,3_Random_Flat,Tr(SS),Hutch++,65.237,5.98203e+09,6.00052e+09,0.00308096
4000,0,1_LowRank_Trace_approx_Frobenius,Tr(S),Hutchinson,60.2121,4131.35,4000,0.0328381
4000,0,1_LowRank_Trace_approx_Frobenius,Tr(S),Hutch++,79.6194,4000,4000,0
4000,0,1_LowRank_Trace_approx_Frobenius,Tr(SS),Hutchinson,118.677,1.65254e+07,1.6e+07,0.0328381
4000,0,1_LowRank_Trace_approx_Frobenius,Tr(SS),Hutch++,104.754,1.6e+07,1.6e+07,1.12923e-14
4000,1,1_LowRank_Trace_approx_Frobenius,Tr(S),Hutchinson,60.0625,3034.01,4000,0.241498
4000,1,1_LowRank_Trace_approx_Frobenius,Tr(S),Hutch++,79.7429,4000,4000,6.82121e-16
4000,1,1_LowRank_Trace_approx_Frobenius,Tr(SS),Hutchinson,120.286,1.2136e+07,1.6e+07,0.241498
4000,1,1_LowRank_Trace_approx_Frobenius,Tr(SS),Hutch++,107.076,1.6e+07,1.6e+07,1.19908e-14
4000,2,1_LowRank_Trace_approx_Frobenius,Tr(S),Hutchinson,62.4176,3129.92,4000,0.21752
4000,2,1_LowRank_Trace_approx_Frobenius,Tr(S),Hutch++,80.2623,4000,4000,1.13687e-16
4000,2,1_LowRank_Trace_approx_Frobenius,Tr(SS),Hutchinson,122.491,1.25197e+07,1.6e+07,0.21752
4000,2,1_LowRank_Trace_approx_Frobenius,Tr(SS),Hutch++,105.416,1.6e+07,1.6e+07,1.16415e-14
4000,3,1_LowRank_Trace_approx_Frobenius,Tr(S),Hutchinson,62.6689,3377.59,4000,0.155602
4000,3,1_LowRank_Trace_approx_Frobenius,Tr(S),Hutch++,79.5784,4000,4000,5.68434e-16
4000,3,1_LowRank_Trace_approx_Frobenius,Tr(SS),Hutchinson,118.363,1.35104e+07,1.6e+07,0.155602
4000,3,1_LowRank_Trace_approx_Frobenius,Tr(SS),Hutch++,104.482,1.6e+07,1.6e+07,1.14087e-14
4000,4,1_LowRank_Trace_approx_Frobenius,Tr(S),Hutchinson,59.7372,4052.4,4000,0.0131011
4000,4,1_LowRank_Trace_approx_Frobenius,Tr(S),Hutch++,79.3433,4000,4000,9.09495e-16
4000,4,1_LowRank_Trace_approx_Frobenius,Tr(SS),Hutchinson,119.167,1.62096e+07,1.6e+07,0.0131011
4000,4,1_LowRank_Trace_approx_Frobenius,Tr(SS),Hutch++,103.744,1.6e+07,1.6e+07,1.16415e-14
4000,5,1_LowRank_Trace_approx_Frobenius,Tr(S),Hutchinson,60.21,5409.49,4000,0.352374
4000,5,1_LowRank_Trace_approx_Frobenius,Tr(S),Hutch++,79.3804,4000,4000,7.95808e-16
4000,5,1_LowRank_Trace_approx_Frobenius,Tr(SS),Hutchinson,119.623,2.1638e+07,1.6e+07,0.352374
4000,5,1_LowRank_Trace_approx_Frobenius,Tr(SS),Hutch++,103.267,1.6e+07,1.6e+07,1.17579e-14
4000,6,1_LowRank_Trace_approx_Frobenius,Tr(S),Hutchinson,59.5262,3633.92,4000,0.0915202
4000,6,1_LowRank_Trace_approx_Frobenius,Tr(S),Hutch++,77.7995,4000,4000,1.13687e-16
4000,6,1_LowRank_Trace_approx_Frobenius,Tr(SS),Hutchinson,118.999,1.45357e+07,1.6e+07,0.0915202
4000,6,1_LowRank_Trace_approx_Frobenius,Tr(SS),Hutch++,104.871,1.6e+07,1.6e+07,1.15251e-14
4000,7,1_LowRank_Trace_approx_Frobenius,Tr(S),Hutchinson,59.8015,4736.86,4000,0.184214
4000,7,1_LowRank_Trace_approx_Frobenius,Tr(S),Hutch++,79.642,4000,4000,5.68434e-16
4000,7,1_LowRank_Trace_approx_Frobenius,Tr(SS),Hutchinson,119.449,1.89474e+07,1.6e+07,0.184214
4000,7,1_LowRank_Trace_approx_Frobenius,Tr(SS),Hutch++,104.795,1.6e+07,1.6e+07,1.14087e-14
4000,8,1_LowRank_Trace_approx_Frobenius,Tr(S),Hutchinson,60.2949,3669,4000,0.0827489
4000,8,1_LowRank_Trace_approx_Frobenius,Tr(S),Hutch++,78.7788,4000,4000,3.41061e-16
4000,8,1_LowRank_Trace_approx_Frobenius,Tr(SS),Hutchinson,118.938,1.4676e+07,1.6e+07,0.0827489
4000,8,1_LowRank_Trace_approx_Frobenius,Tr(SS),Hutch++,104.227,1.6e+07,1.6e+07,1.10595e-14
4000,9,1_LowRank_Trace_approx_Frobenius,Tr(S),Hutchinson,59.1427,4444.57,4000,0.111144
4000,9,1_LowRank_Trace_approx_Frobenius,Tr(S),Hutch++,80.6001,4000,4000,6.82121e-16
4000,9,1_LowRank_Trace_approx_Frobenius,Tr(SS),Hutchinson,120.34,1.77783e+07,1.6e+07,0.111144
4000,9,1_LowRank_Trace_approx_Frobenius,Tr(SS),Hutch++,105.408,1.6e+07,1.6e+07,1.14087e-14
4000,10,1_LowRank_Trace_approx_Frobenius,Tr(S),Hutchinson,61.0716,4569.34,4000,0.142334
4000,10,1_LowRank_Trace_approx_Frobenius,Tr(S),Hutch++,79.716,4000,4000,0
4000,10,1_LowRank_Trace_approx_Frobenius,Tr(SS),Hutchinson,120.005,1.82773e+07,1.6e+07,0.142334
4000,10,1_LowRank_Trace_approx_Frobenius,Tr(SS),Hutch++,105.732,1.6e+07,1.6e+07,1.11759e-14
4000,11,1_LowRank_Trace_approx_Frobenius,Tr(S),Hutchinson,60.2851,4023.7,4000,0.00592617
4000,11,1_LowRank_Trace_approx_Frobenius,Tr(S),Hutch++,79.8896,4000,4000,1.13687e-16
4000,11,1_LowRank_Trace_approx_Frobenius,Tr(SS),Hutchinson,121.048,1.60948e+07,1.6e+07,0.00592617
4000,11,1_LowRank_Trace_approx_Frobenius,Tr(SS),Hutch++,105.351,1.6e+07,1.6e+07,1.11759e-14
4000,12,1_LowRank_Trace_approx_Frobenius,Tr(S),Hutchinson,59.9234,4834.56,4000,0.20864
4000,12,1_LowRank_Trace_approx_Frobenius,Tr(S),Hutch++,80.6289,4000,4000,1.13687e-16
4000,12,1_LowRank_Trace_approx_Frobenius,Tr(SS),Hutchinson,119.859,1.93382e+07,1.6e+07,0.20864
4000,12,1_LowRank_Trace_approx_Frobenius,Tr(SS),Hutch++,105.411,1.6e+07,1.6e+07,1.14087e-14
4000,13,1_LowRank_Trace_approx_Frobenius,Tr(S),Hutchinson,60.671,3798.98,4000,0.0502558
4000,13,1_LowRank_Trace_approx_Frobenius,Tr(S),Hutch++,80.4277,4000,4000,3.41061e-16
4000,13,1_LowRank_Trace_approx_Frobenius,Tr(SS),Hutchinson,121.182,1.51959e+07,1.6e+07,0.0502558
4000,13,1_LowRank_Trace_approx_Frobenius,Tr(SS),Hutch++,104.644,1.6e+07,1.6e+07,1.15251e-14
4000,14,1_LowRank_Trace_approx_Frobenius,Tr(S),Hutchinson,60.0656,4931.98,4000,0.232995
4000,14,1_LowRank_Trace_approx_Frobenius,Tr(S),Hutch++,79.6426,4000,4000,2.27374e-16
4000,14,1_LowRank_Trace_approx_Frobenius,Tr(SS),Hutchinson,120.382,1.97279e+07,1.6e+07,0.232995
4000,14,1_LowRank_Trace_approx_Frobenius,Tr(SS),Hutch++,104.966,1.6e+07,1.6e+07,1.15251e-14
4000,0,2_PDE_Like_Medium,Tr(S),Hutchinson,59.675,6302.43,5965.29,0.0565172
4000,0,2_PDE_Like_Medium,Tr(S),Hutch++,79.8647,5965.45,5965.29,2.69393e-05
4000,0,2_PDE_Like_Medium,Tr(SS),Hutchinson,120.128,5.84032e+06,5.41544e+06,0.0784566
4000,0,2_PDE_Like_Medium,Tr(SS),Hutch++,104.72,5.41544e+06,5.41544e+06,8.10392e-09
4000,1,2_PDE_Like_Medium,Tr(S),Hutchinson,60.7706,5184.96,5965.29,0.130811
4000,1,2_PDE_Like_Medium,Tr(S),Hutch++,79.0785,5965.46,5965.29,2.92854e-05
4000,1,2_PDE_Like_Medium,Tr(SS),Hutchinson,119.759,4.5891e+06,5.41544e+06,0.15259
4000,1,2_PDE_Like_Medium,Tr(SS),Hutch++,105.063,5.41544e+06,5.41544e+06,3.38572e-09
4000,2,2_PDE_Like_Medium,Tr(S),Hutchinson,60.3238,6706.6,5965.29,0.124271
4000,2,2_PDE_Like_Medium,Tr(S),Hutch++,79.0798,5966.26,5965.29,0.000162174
4000,2,2_PDE_Like_Medium,Tr(SS),Hutchinson,120.025,6.12683e+06,5.41544e+06,0.131362
4000,2,2_PDE_Like_Medium,Tr(SS),Hutch++,104.712,5.41544e+06,5.41544e+06,6.03397e-08
4000,3,2_PDE_Like_Medium,Tr(S),Hutchinson,59.975,6175.71,5965.29,0.0352751
4000,3,2_PDE_Like_Medium,Tr(S),Hutch++,79.9309,5966.54,5965.29,0.000210483
4000,3,2_PDE_Like_Medium,Tr(SS),Hutchinson,120.185,5.61369e+06,5.41544e+06,0.0366066
4000,3,2_PDE_Like_Medium,Tr(SS),Hutch++,104.383,5.41545e+06,5.41544e+06,1.71099e-07
4000,4,2_PDE_Like_Medium,Tr(S),Hutchinson,60.8708,6136.13,5965.29,0.0286395
4000,4,2_PDE_Like_Medium,Tr(S),Hutch++,79.2862,5964.83,5965.29,7.64551e-05
4000,4,2_PDE_Like_Medium,Tr(SS),Hutchinson,120.083,5.51222e+06,5.41544e+06,0.01787
4000,4,2_PDE_Like_Medium,Tr(SS),Hutch++,105.867,5.41544e+06,5.41544e+06,4.8384e-09
4000,5,2_PDE_Like_Medium,Tr(S),Hutchinson,60.1921,6537.13,5965.29,0.095861
4000,5,2_PDE_Like_Medium,Tr(S),Hutch++,80.3203,5964.41,5965.29,0.00014681
4000,5,2_PDE_Like_Medium,Tr(SS),Hutchinson,120.493,6.06335e+06,5.41544e+06,0.119641
4000,5,2_PDE_Like_Medium,Tr(SS),Hutch++,105.556,5.41544e+06,5.41544e+06,6.04853e-08
4000,6,2_PDE_Like_Medium,Tr(S),Hutchinson,60.3484,5233.81,5965.29,0.122622
4000,6,2_PDE_Like_Medium,Tr(S),Hutch++,79.7298,5966.1,5965.29,0.000136818
4000,6,2_PDE_Like_Medium,Tr(SS),Hutchinson,120.455,4.51172e+06,5.41544e+06,0.16688
4000,6,2_PDE_Like_Medium,Tr(SS),Hutch++,106.323,5.41544e+06,5.41544e+06,7.41901e-08
4000,7,2_PDE_Like_Medium,Tr(S),Hutchinson,60.3888,6258.65,5965.29,0.0491788
4000,7,2_PDE_Like_Medium,Tr(S),Hutch++,79.9361,5964.88,5965.29,6.88636e-05
4000,7,2_PDE_Like_Medium,Tr(SS),Hutchinson,120.09,5.69948e+06,5.41544e+06,0.05245
4000,7,2_PDE_Like_Medium,Tr(SS),Hutch++,105.515,5.41544e+06,5.41544e+06,6.85936e-08
4000,8,2_PDE_Like_Medium,Tr(S),Hutchinson,60.5202,5658.11,5965.29,0.0514948
4000,8,2_PDE_Like_Medium,Tr(S),Hutch++,79.8215,5964.84,5965.29,7.56323e-05
4000,8,2_PDE_Like_Medium,Tr(SS),Hutchinson,120.133,5.18196e+06,5.41544e+06,0.043114
4000,8,2_PDE_Like_Medium,Tr(SS),Hutch++,105.719,5.41544e+06,5.41544e+06,1.17325e-08
4000,9,2_PDE_Like_Medium,Tr(S),Hutchinson,59.9856,5896.62,5965.29,0.0115107
4000,9,2_PDE_Like_Medium,Tr(S),Hutch++,80.5102,5964.89,5965.29,6.59101e-05
4000,9,2_PDE_Like_Medium,Tr(SS),Hutchinson,119.691,5.36818e+06,5.41544e+06,0.00872688
4000,9,2_PDE_Like_Medium,Tr(SS),Hutch++,104.568,5.41544e+06,5.41544e+06,9.28775e-08
4000,10,2_PDE_Like_Medium,Tr(S),Hutchinson,60.6502,6394.94,5965.29,0.0720256
4000,10,2_PDE_Like_Medium,Tr(S),Hutch++,80.2376,5964.99,5965.29,4.96115e-05
4000,10,2_PDE_Like_Medium,Tr(SS),Hutchinson,119.736,5.8629e+06,5.41544e+06,0.0826259
4000,10,2_PDE_Like_Medium,Tr(SS),Hutch++,105.712,5.41544e+06,5.41544e+06,6.91865e-08
4000,11,2_PDE_Like_Medium,Tr(S),Hutchinson,60.1144,5441.94,5965.29,0.0877327
4000,11,2_PDE_Like_Medium,Tr(S),Hutch++,79.7973,5964.74,5965.29,9.24496e-05
4000,11,2_PDE_Like_Medium,Tr(SS),Hutchinson,119.865,4.94076e+06,5.41544e+06,0.0876536
4000,11,2_PDE_Like_Medium,Tr(SS),Hutch++,105.236,5.41544e+06,5.41544e+06,1.82106e-08
4000,12,2_PDE_Like_Medium,Tr(S),Hutchinson,60.544,6072.49,5965.29,0.0179706
4000,12,2_PDE_Like_Medium,Tr(S),Hutch++,79.5151,5965.02,5965.29,4.54316e-05
4000,12,2_PDE_Like_Medium,Tr(SS),Hutchinson,119.464,5.70111e+06,5.41544e+06,0.0527495
4000,12,2_PDE_Like_Medium,Tr(SS),Hutch++,104.819,5.41544e+06,5.41544e+06,2.69867e-08
4000,13,2_PDE_Like_Medium,Tr(S),Hutchinson,59.9347,5751.52,5965.29,0.0358353
4000,13,2_PDE_Like_Medium,Tr(S),Hutch++,79.8797,5965.92,5965.29,0.000106475
4000,13,2_PDE_Like_Medium,Tr(SS),Hutchinson,119.105,5.20234e+06,5.41544e+06,0.039352
4000,13,2_PDE_Like_Medium,Tr(SS),Hutch++,105.451,5.41544e+06,5.41544e+06,5.49345e-09
4000,14,2_PDE_Like_Medium,Tr(S),Hutchinson,60.9557,5192.73,5965.29,0.12951
4000,14,2_PDE_Like_Medium,Tr(S),Hutch++,80.6366,5965.04,5965.29,4.18787e-05
4000,14,2_PDE_Like_Medium,Tr(SS),Hutchinson,120.058,4.6209e+06,5.41544e+06,0.146719
4000,14,2_PDE_Like_Medium,Tr(SS),Hutch++,105.06,5.41544e+06,5.41544e+06,5.73148e-08
4000,0,3_Random_Flat,Tr(S),Hutchinson,61.1558,5.32423e+06,5.33114e+06,0.00129544
4000,0,3_Random_Flat,Tr(S),Hutch++,79.9251,5.36453e+06,5.33114e+06,0.00626472
4000,0,3_Random_Flat,Tr(SS),Hutchinson,120.106,1.41688e+10,1.42084e+10,0.00278457
4000,0,3_Random_Flat,Tr(SS),Hutch++,106.299,1.43652e+10,1.42084e+10,0.0110354
4000,1,3_Random_Flat,Tr(S),Hutchinson,60.0806,5.3347e+06,5.33114e+06,0.000668069
4000,1,3_Random_Flat,Tr(S),Hutch++,80.2854,5.33445e+06,5.33114e+06,0.000621093
4000,1,3_Random_Flat,Tr(SS),Hutchinson,120.124,1.42093e+10,1.42084e+10,6.69791e-05
4000,1,3_Random_Flat,Tr(SS),Hutch++,105.966,1.42388e+10,1.42084e+10,0.00214144
4000,2,3_Random_Flat,Tr(S),Hutchinson,60.8893,5.29922e+06,5.33114e+06,0.00598579
4000,2,3_Random_Flat,Tr(S),Hutch++,80.4152,5.35585e+06,5.33114e+06,0.00463503
4000,2,3_Random_Flat,Tr(SS),Hutchinson,120.366,1.40651e+10,1.42084e+10,0.0100842
4000,2,3_Random_Flat,Tr(SS),Hutch++,106.732,1.42969e+10,1.42084e+10,0.00622901
4000,3,3_Random_Flat,Tr(S),Hutchinson,60.3426,5.33872e+06,5.33114e+06,0.00142212
4000,3,3_Random_Flat,Tr(S),Hutch++,79.8658,5.33157e+06,5.33114e+06,8.20611e-05
4000,3,3_Random_Flat,Tr(SS),Hutchinson,120.456,1.42383e+10,1.42084e+10,0.00210968
4000,3,3_Random_Flat,Tr(SS),Hutch++,106.514,1.42549e+10,1.42084e+10,0.00327561
4000,4,3_Random_Flat,Tr(S),Hutchinson,60.1642,5.33906e+06,5.33114e+06,0.00148701
4000,4,3_Random_Flat,Tr(S),Hutch++,80.1772,5.33691e+06,5.33114e+06,0.00108392
4000,4,3_Random_Flat,Tr(SS),Hutchinson,120.588,1.42321e+10,1.42084e+10,0.00167056
4000,4,3_Random_Flat,Tr(SS),Hutch++,105.628,1.42406e+10,1.42084e+10,0.00227179
4000,5,3_Random_Flat,Tr(S),Hutchinson,60.8298,5.33108e+06,5.33114e+06,1.08298e-05
4000,5,3_Random_Flat,Tr(S),Hutch++,80.8283,5.35486e+06,5.33114e+06,0.00444928
4000,5,3_Random_Flat,Tr(SS),Hutchinson,121.073,1.42095e+10,1.42084e+10,7.90298e-05
4000,5,3_Random_Flat,Tr(SS),Hutch++,105.886,1.43187e+10,1.42084e+10,0.00776601
4000,6,3_Random_Flat,Tr(S),Hutchinson,60.9506,5.35454e+06,5.33114e+06,0.00439095
4000,6,3_Random_Flat,Tr(S),Hutch++,80.413,5.32093e+06,5.33114e+06,0.00191369
4000,6,3_Random_Flat,Tr(SS),Hutchinson,121.179,1.42802e+10,1.42084e+10,0.00505875
4000,6,3_Random_Flat,Tr(SS),Hutch++,107.045,1.41854e+10,1.42084e+10,0.0016162
4000,7,3_Random_Flat,Tr(S),Hutchinson,60.3107,5.33613e+06,5.33114e+06,0.00093709
4000,7,3_Random_Flat,Tr(S),Hutch++,80.3282,5.31119e+06,5.33114e+06,0.00374066
4000,7,3_Random_Flat,Tr(SS),Hutchinson,119.53,1.42061e+10,1.42084e+10,0.000159876
4000,7,3_Random_Flat,Tr(SS),Hutch++,105.573,1.41409e+10,1.42084e+10,0.00475083
4000,8,3_Random_Flat,Tr(S),Hutchinson,60.9269,5.32587e+06,5.33114e+06,0.000987439
4000,8,3_Random_Flat,Tr(S),Hutch++,80.4024,5.37549e+06,5.33114e+06,0.00831895
4000,8,3_Random_Flat,Tr(SS),Hutchinson,120.489,1.41911e+10,1.42084e+10,0.00121475
4000,8,3_Random_Flat,Tr(SS),Hutch++,105.449,1.43954e+10,1.42084e+10,0.0131619
4000,9,3_Random_Flat,Tr(S),Hutchinson,60.9569,5.31864e+06,5.33114e+06,0.00234441
4000,9,3_Random_Flat,Tr(S),Hutch++,80.0607,5.33182e+06,5.33114e+06,0.000129153
4000,9,3_Random_Flat,Tr(SS),Hutchinson,121.962,1.41474e+10,1.42084e+10,0.00429185
4000,9,3_Random_Flat,Tr(SS),Hutch++,105.904,1.42128e+10,1.42084e+10,0.000308336
4000,10,3_Random_Flat,Tr(S),Hutchinson,60.3686,5.3475e+06,5.33114e+06,0.00306995
4000,10,3_Random_Flat,Tr(S),Hutch++,80.1215,5.37152e+06,5.33114e+06,0.00757505
4000,10,3_Random_Flat,Tr(SS),Hutchinson,120.767,1.42656e+10,1.42084e+10,0.00402461
4000,10,3_Random_Flat,Tr(SS),Hutch++,105.876,1.43717e+10,1.42084e+10,0.0114969
4000,11,3_Random_Flat,Tr(S),Hutchinson,60.2054,5.33361e+06,5.33114e+06,0.000464633
4000,11,3_Random_Flat,Tr(S),Hutch++,79.9581,5.32477e+06,5.33114e+06,0.00119366
4000,11,3_Random_Flat,Tr(SS),Hutchinson,120.06,1.41929e+10,1.42084e+10,0.00108534
4000,11,3_Random_Flat,Tr(SS),Hutch++,106.697,1.4169e+10,1.42084e+10,0.00277188
4000,12,3_Random_Flat,Tr(S),Hutchinson,61.3469,5.33317e+06,5.33114e+06,0.000381601
4000,12,3_Random_Flat,Tr(S),Hutch++,80.2136,5.30487e+06,5.33114e+06,0.00492604
4000,12,3_Random_Flat,Tr(SS),Hutchinson,120.743,1.42176e+10,1.42084e+10,0.000651629
4000,12,3_Random_Flat,Tr(SS),Hutch++,107.157,1.41262e+10,1.42084e+10,0.0057824
4000,13,3_Random_Flat,Tr(S),Hutchinson,61.4088,5.32099e+06,5.33114e+06,0.00190309
4000,13,3_Random_Flat,Tr(S),Hutch++,80.5555,5.31523e+06,5.33114e+06,0.00298309
4000,13,3_Random_Flat,Tr(SS),Hutchinson,120.444,1.42008e+10,1.42084e+10,0.000535479
4000,13,3_Random_Flat,Tr(SS),Hutch++,110.023,1.41241e+10,1.42084e+10,0.00593392
4000,14,3_Random_Flat,Tr(S),Hutchinson,66.4726,5.34081e+06,5.33114e+06,0.00181527
4000,14,3_Random_Flat,Tr(S),Hutch++,88.7867,5.31604e+06,5.33114e+06,0.00283104
4000,14,3_Random_Flat,Tr(SS),Hutchinson,132.555,1.42286e+10,1.42084e+10,0.00142547
4000,14,3_Random_Flat,Tr(SS),Hutch++,118.672,1.41668e+10,1.42084e+10,0.00292779
5000,0,1_LowRank_Trace_approx_Frobenius,Tr(S),Hutchinson,103.586,5465.77,5000,0.0931549
5000,0,1_LowRank_Trace_approx_Frobenius,Tr(S),Hutch++,131.434,5000,5000,4.91127e-15
5000,0,1_LowRank_Trace_approx_Frobenius,Tr(SS),Hutchinson,200.436,2.73289e+07,2.5e+07,0.0931549
5000,0,1_LowRank_Trace_approx_Frobenius,Tr(SS),Hutch++,182.722,2.5e+07,2.5e+07,1.54972e-14
5000,1,1_LowRank_Trace_approx_Frobenius,Tr(S),Hutchinson,101.537,5292.53,5000,0.0585061
5000,1,1_LowRank_Trace_approx_Frobenius,Tr(S),Hutch++,140.899,5000,5000,3.63798e-15
5000,1,1_LowRank_Trace_approx_Frobenius,Tr(SS),Hutchinson,211.681,2.64627e+07,2.5e+07,0.0585061
5000,1,1_LowRank_Trace_approx_Frobenius,Tr(SS),Hutch++,183.626,2.5e+07,2.5e+07,1.54972e-14
5000,2,1_LowRank_Trace_approx_Frobenius,Tr(S),Hutchinson,105.095,6763.28,5000,0.352656
5000,2,1_LowRank_Trace_approx_Frobenius,Tr(S),Hutch++,142.277,5000,5000,4.91127e-15
5000,2,1_LowRank_Trace_approx_Frobenius,Tr(SS),Hutchinson,206.206,3.38164e+07,2.5e+07,0.352656
5000,2,1_LowRank_Trace_approx_Frobenius,Tr(SS),Hutch++,180.046,2.5e+07,2.5e+07,1.60933e-14
5000,3,1_LowRank_Trace_approx_Frobenius,Tr(S),Hutchinson,101.081,5250.78,5000,0.0501561
5000,3,1_LowRank_Trace_approx_Frobenius,Tr(S),Hutch++,132.643,5000,5000,4.72937e-15
5000,3,1_LowRank_Trace_approx_Frobenius,Tr(SS),Hutchinson,201.997,2.62539e+07,2.5e+07,0.0501561
5000,3,1_LowRank_Trace_approx_Frobenius,Tr(SS),Hutch++,178.446,2.5e+07,2.5e+07,1.60933e-14
5000,4,1_LowRank_Trace_approx_Frobenius,Tr(S),Hutchinson,100.215,5317.11,5000,0.0634215
5000,4,1_LowRank_Trace_approx_Frobenius,Tr(S),Hutch++,132.081,5000,5000,5.27507e-15
5000,4,1_LowRank_Trace_approx_Frobenius,Tr(SS),Hutchinson,197.327,2.65855e+07,2.5e+07,0.0634215
5000,4,1_LowRank_Trace_approx_Frobenius,Tr(SS),Hutch++,176.581,2.5e+07,2.5e+07,1.49012e-14
5000,5,1_LowRank_Trace_approx_Frobenius,Tr(S),Hutchinson,102.9,4482.54,5000,0.103491
5000,5,1_LowRank_Trace_approx_Frobenius,Tr(S),Hutch++,139.957,5000,5000,5.27507e-15
5000,5,1_LowRank_Trace_approx_Frobenius,Tr(SS),Hutchinson,205.039,2.24127e+07,2.5e+07,0.103491
5000,5,1_LowRank_Trace_approx_Frobenius,Tr(SS),Hutch++,175.986,2.5e+07,2.5e+07,1.50502e-14
5000,6,1_LowRank_Trace_approx_Frobenius,Tr(S),Hutchinson,97.814,4256.52,5000,0.148696
5000,6,1_LowRank_Trace_approx_Frobenius,Tr(S),Hutch++,131.813,5000,5000,4.72937e-15
5000,6,1_LowRank_Trace_approx_Frobenius,Tr(SS),Hutchinson,195.362,2.12826e+07,2.5e+07,0.148696
5000,6,1_LowRank_Trace_approx_Frobenius,Tr(SS),Hutch++,173.948,2.5e+07,2.5e+07,1.51992e-14
5000,7,1_LowRank_Trace_approx_Frobenius,Tr(S),Hutchinson,98.8984,5973.73,5000,0.194745
5000,7,1_LowRank_Trace_approx_Frobenius,Tr(S),Hutch++,130.621,5000,5000,4.72937e-15
5000,7,1_LowRank_Trace_approx_Frobenius,Tr(SS),Hutchinson,194.754,2.98686e+07,2.5e+07,0.194745
5000,7,1_LowRank_Trace_approx_Frobenius,Tr(SS),Hutch++,173.171,2.5e+07,2.5e+07,1.49012e-14
5000,8,1_LowRank_Trace_approx_Frobenius,Tr(S),Hutchinson,98.5736,4900.96,5000,0.0198072
5000,8,1_LowRank_Trace_approx_Frobenius,Tr(S),Hutch++,130.825,5000,5000,4.91127e-15
5000,8,1_LowRank_Trace_approx_Frobenius,Tr(SS),Hutchinson,195.228,2.45048e+07,2.5e+07,0.0198072
5000,8,1_LowRank_Trace_approx_Frobenius,Tr(SS),Hutch++,174.903,2.5e+07,2.5e+07,1.54972e-14
5000,9,1_LowRank_Trace_approx_Frobenius,Tr(S),Hutchinson,99.4126,4882.05,5000,0.0235898
5000,9,1_LowRank_Trace_approx_Frobenius,Tr(S),Hutch++,131.834,5000,5000,4.18368e-15
5000,9,1_LowRank_Trace_approx_Frobenius,Tr(SS),Hutchinson,197.059,2.44103e+07,2.5e+07,0.0235898
5000,9,1_LowRank_Trace_approx_Frobenius,Tr(SS),Hutch++,174.637,2.5e+07,2.5e+07,1.51992e-14
5000,10,1_LowRank_Trace_approx_Frobenius,Tr(S),Hutchinson,98.6164,4047.21,5000,0.190557
5000,10,1_LowRank_Trace_approx_Frobenius,Tr(S),Hutch++,133.12,5000,5000,5.27507e-15
5000,10,1_LowRank_Trace_approx_Frobenius,Tr(SS),Hutchinson,195.579,2.02361e+07,2.5e+07,0.190557
5000,10,1_LowRank_Trace_approx_Frobenius,Tr(SS),Hutch++,173.719,2.5e+07,2.5e+07,1.51992e-14
5000,11,1_LowRank_Trace_approx_Frobenius,Tr(S),Hutchinson,100.334,4711.11,5000,0.0577777
5000,11,1_LowRank_Trace_approx_Frobenius,Tr(S),Hutch++,132.53,5000,5000,4.54747e-15
5000,11,1_LowRank_Trace_approx_Frobenius,Tr(SS),Hutchinson,207.8,2.35556e+07,2.5e+07,0.0577777
5000,11,1_LowRank_Trace_approx_Frobenius,Tr(SS),Hutch++,174.581,2.5e+07,2.5e+07,1.54972e-14
5000,12,1_LowRank_Trace_approx_Frobenius,Tr(S),Hutchinson,99.6467,5244.94,5000,0.0489887
5000,12,1_LowRank_Trace_approx_Frobenius,Tr(S),Hutch++,132.145,5000,5000,4.54747e-15
5000,12,1_LowRank_Trace_approx_Frobenius,Tr(SS),Hutchinson,196.445,2.62247e+07,2.5e+07,0.0489887
5000,12,1_LowRank_Trace_approx_Frobenius,Tr(SS),Hutch++,174.441,2.5e+07,2.5e+07,1.51992e-14
5000,13,1_LowRank_Trace_approx_Frobenius,Tr(S),Hutchinson,99.1201,4439.98,5000,0.112004
5000,13,1_LowRank_Trace_approx_Frobenius,Tr(S),Hutch++,133.132,5000,5000,4.36557e-15
5000,13,1_LowRank_Trace_approx_Frobenius,Tr(SS),Hutchinson,195.759,2.21999e+07,2.5e+07,0.112004
5000,13,1_LowRank_Trace_approx_Frobenius,Tr(SS),Hutch++,173.914,2.5e+07,2.5e+07,1.49012e-14
5000,14,1_LowRank_Trace_approx_Frobenius,Tr(S),Hutchinson,99.2705,4315.79,5000,0.136842
5000,14,1_LowRank_Trace_approx_Frobenius,Tr(S),Hutch++,131.912,5000,5000,4.72937e-15
5000,14,1_LowRank_Trace_approx_Frobenius,Tr(SS),Hutchinson,196.517,2.1579e+07,2.5e+07,0.136842
5000,14,1_LowRank_Trace_approx_Frobenius,Tr(SS),Hutch++,173.884,2.5e+07,2.5e+07,1.54972e-14
5000,0,2_PDE_Like_Medium,Tr(S),Hutchinson,103.262,7519.25,7410.28,0.0147049
5000,0,2_PDE_Like_Medium,Tr(S),Hutch++,144.097,7409.67,7410.28,8.29147e-05
5000,0,2_PDE_Like_Medium,Tr(SS),Hutchinson,208.912,8.29915e+06,8.2929e+06,0.000754577
5000,0,2_PDE_Like_Medium,Tr(SS),Hutch++,180.926,8.2929e+06,8.2929e+06,3.30695e-08
5000,1,2_PDE_Like_Medium,Tr(S),Hutchinson,103.312,6546.43,7410.28,0.116574
5000,1,2_PDE_Like_Medium,Tr(S),Hutch++,132.324,7409.06,7410.28,0.000164881
5000,1,2_PDE_Like_Medium,Tr(SS),Hutchinson,204.726,7.08022e+06,8.2929e+06,0.14623
5000,1,2_PDE_Like_Medium,Tr(SS),Hutch++,197.321,8.2929e+06,8.2929e+06,5.55083e-08
5000,2,2_PDE_Like_Medium,Tr(S),Hutchinson,97.7374,7002.41,7410.28,0.0550411
5000,2,2_PDE_Like_Medium,Tr(S),Hutch++,133.242,7409.99,7410.28,3.92735e-05
5000,2,2_PDE_Like_Medium,Tr(SS),Hutchinson,197.944,8.00863e+06,8.2929e+06,0.0342784
5000,2,2_PDE_Like_Medium,Tr(SS),Hutch++,173.81,8.2929e+06,8.2929e+06,4.32665e-08
5000,3,2_PDE_Like_Medium,Tr(S),Hutchinson,98.9643,7521.4,7410.28,0.0149949
5000,3,2_PDE_Like_Medium,Tr(S),Hutch++,131.198,7411.02,7410.28,0.000100128
5000,3,2_PDE_Like_Medium,Tr(SS),Hutchinson,196.871,8.74202e+06,8.2929e+06,0.0541578
5000,3,2_PDE_Like_Medium,Tr(SS),Hutch++,174.259,8.2929e+06,8.2929e+06,9.07891e-09
5000,4,2_PDE_Like_Medium,Tr(S),Hutchinson,99.0468,7807.42,7410.28,0.0535924
5000,4,2_PDE_Like_Medium,Tr(S),Hutch++,131.265,7410.93,7410.28,8.75786e-05
5000,4,2_PDE_Like_Medium,Tr(SS),Hutchinson,197.25,8.79695e+06,8.2929e+06,0.0607818
5000,4,2_PDE_Like_Medium,Tr(SS),Hutch++,174.822,8.2929e+06,8.2929e+06,5.30204e-08
5000,5,2_PDE_Like_Medium,Tr(S),Hutchinson,99.293,7570.95,7410.28,0.021682
5000,5,2_PDE_Like_Medium,Tr(S),Hutch++,130.485,7409.21,7410.28,0.000143958
5000,5,2_PDE_Like_Medium,Tr(SS),Hutchinson,198.356,8.44571e+06,8.2929e+06,0.0184276
5000,5,2_PDE_Like_Medium,Tr(SS),Hutch++,174.562,8.2929e+06,8.2929e+06,5.29985e-08
5000,6,2_PDE_Like_Medium,Tr(S),Hutchinson,105.303,7369.83,7410.28,0.0054587
5000,6,2_PDE_Like_Medium,Tr(S),Hutch++,146.663,7410.66,7410.28,5.12137e-05
5000,6,2_PDE_Like_Medium,Tr(SS),Hutchinson,222.1,8.20007e+06,8.2929e+06,0.0111938
5000,6,2_PDE_Like_Medium,Tr(SS),Hutch++,195.802,8.2929e+06,8.2929e+06,2.40662e-08
5000,7,2_PDE_Like_Medium,Tr(S),Hutchinson,102.474,7307.82,7410.28,0.0138265
5000,7,2_PDE_Like_Medium,Tr(S),Hutch++,130.631,7411.09,7410.28,0.000109098
5000,7,2_PDE_Like_Medium,Tr(SS),Hutchinson,198.253,8.21277e+06,8.2929e+06,0.00966222
5000,7,2_PDE_Like_Medium,Tr(SS),Hutch++,174.719,8.2929e+06,8.2929e+06,7.34832e-08
5000,8,2_PDE_Like_Medium,Tr(S),Hutchinson,99.71,7393.87,7410.28,0.00221436
5000,8,2_PDE_Like_Medium,Tr(S),Hutch++,131.9,7409.4,7410.28,0.000118433
5000,8,2_PDE_Like_Medium,Tr(SS),Hutchinson,197.041,8.11557e+06,8.2929e+06,0.0213829
5000,8,2_PDE_Like_Medium,Tr(SS),Hutch++,175.859,8.2929e+06,8.2929e+06,8.99037e-09
5000,9,2_PDE_Like_Medium,Tr(S),Hutchinson,98.6628,8461.8,7410.28,0.1419
5000,9,2_PDE_Like_Medium,Tr(S),Hutch++,131.056,7408.83,7410.28,0.000195442
5000,9,2_PDE_Like_Medium,Tr(SS),Hutchinson,196.533,9.7881e+06,8.2929e+06,0.1803
5000,9,2_PDE_Like_Medium,Tr(SS),Hutch++,173.515,8.2929e+06,8.2929e+06,5.12574e-08
5000,10,2_PDE_Like_Medium,Tr(S),Hutchinson,98.3164,7331.78,7410.28,0.0105936
5000,10,2_PDE_Like_Medium,Tr(S),Hutch++,130.33,7409.65,7410.28,8.55658e-05
5000,10,2_PDE_Like_Medium,Tr(SS),Hutchinson,197.104,8.28825e+06,8.2929e+06,0.000560536
5000,10,2_PDE_Like_Medium,Tr(SS),Hutch++,177.602,8.2929e+06,8.2929e+06,6.76806e-09
5000,11,2_PDE_Like_Medium,Tr(S),Hutchinson,99.819,7072.41,7410.28,0.0455945
5000,11,2_PDE_Like_Medium,Tr(S),Hutch++,131.538,7410.27,7410.28,1.47888e-06
5000,11,2_PDE_Like_Medium,Tr(SS),Hutchinson,198.763,8.022e+06,8.2929e+06,0.0326662
5000,11,2_PDE_Like_Medium,Tr(SS),Hutch++,175.288,8.2929e+06,8.2929e+06,2.85055e-08
5000,12,2_PDE_Like_Medium,Tr(S),Hutchinson,100.024,7752.91,7410.28,0.0462368
5000,12,2_PDE_Like_Medium,Tr(S),Hutch++,131.957,7411.7,7410.28,0.000191623
5000,12,2_PDE_Like_Medium,Tr(SS),Hutchinson,197.902,8.70511e+06,8.2929e+06,0.0497072
5000,12,2_PDE_Like_Medium,Tr(SS),Hutch++,177.308,8.2929e+06,8.2929e+06,8.92679e-08
5000,13,2_PDE_Like_Medium,Tr(S),Hutchinson,99.2775,7381.53,7410.28,0.0038796
5000,13,2_PDE_Like_Medium,Tr(S),Hutch++,131.942,7410.53,7410.28,3.32283e-05
5000,13,2_PDE_Like_Medium,Tr(SS),Hutchinson,197.979,8.48216e+06,8.2929e+06,0.0228223
5000,13,2_PDE_Like_Medium,Tr(SS),Hutch++,174.919,8.2929e+06,8.2929e+06,2.59962e-08
5000,14,2_PDE_Like_Medium,Tr(S),Hutchinson,100.121,7061.83,7410.28,0.0470223
5000,14,2_PDE_Like_Medium,Tr(S),Hutch++,131.568,7410.86,7410.28,7.75665e-05
5000,14,2_PDE_Like_Medium,Tr(SS),Hutchinson,203.892,7.83643e+06,8.2929e+06,0.0550431
5000,14,2_PDE_Like_Medium,Tr(SS),Hutch++,176.769,8.2929e+06,8.2929e+06,3.09592e-08
5000,0,3_Random_Flat,Tr(S),Hutchinson,99.368,8.35993e+06,8.33354e+06,0.00316679
5000,0,3_Random_Flat,Tr(S),Hutch++,132.368,8.3336e+06,8.33354e+06,7.93436e-06
5000,0,3_Random_Flat,Tr(SS),Hutchinson,197.242,2.7933e+10,2.77816e+10,0.00545114
5000,0,3_Random_Flat,Tr(SS),Hutch++,172.898,2.7838e+10,2.77816e+10,0.00202879
5000,1,3_Random_Flat,Tr(S),Hutchinson,99.5983,8.30616e+06,8.33354e+06,0.00328562
5000,1,3_Random_Flat,Tr(S),Hutch++,132.768,8.29602e+06,8.33354e+06,0.00450198
5000,1,3_Random_Flat,Tr(SS),Hutchinson,197.099,2.76988e+10,2.77816e+10,0.00298079
5000,1,3_Random_Flat,Tr(SS),Hutch++,172.949,2.752e+10,2.77816e+10,0.00941518
5000,2,3_Random_Flat,Tr(S),Hutchinson,98.1811,8.35415e+06,8.33354e+06,0.00247315
5000,2,3_Random_Flat,Tr(S),Hutch++,132.826,8.34586e+06,8.33354e+06,0.00147859
5000,2,3_Random_Flat,Tr(SS),Hutchinson,197.103,2.79297e+10,2.77816e+10,0.00533169
5000,2,3_Random_Flat,Tr(SS),Hutch++,174.298,2.77939e+10,2.77816e+10,0.000444655
5000,3,3_Random_Flat,Tr(S),Hutchinson,100.001,8.30349e+06,8.33354e+06,0.00360598
5000,3,3_Random_Flat,Tr(S),Hutch++,132.932,8.33106e+06,8.33354e+06,0.000297657
5000,3,3_Random_Flat,Tr(SS),Hutchinson,195.746,2.76518e+10,2.77816e+10,0.0046719
5000,3,3_Random_Flat,Tr(SS),Hutch++,172.314,2.77545e+10,2.77816e+10,0.000975733
5000,4,3_Random_Flat,Tr(S),Hutchinson,98.4904,8.32853e+06,8.33354e+06,0.000600325
5000,4,3_Random_Flat,Tr(S),Hutch++,132.685,8.36311e+06,8.33354e+06,0.00354926
5000,4,3_Random_Flat,Tr(SS),Hutchinson,198.078,2.77763e+10,2.77816e+10,0.000188774
5000,4,3_Random_Flat,Tr(SS),Hutch++,173.553,2.79486e+10,2.77816e+10,0.00601012
5000,5,3_Random_Flat,Tr(S),Hutchinson,98.2161,8.34038e+06,8.33354e+06,0.000821553
5000,5,3_Random_Flat,Tr(S),Hutch++,133.771,8.34315e+06,8.33354e+06,0.00115334
5000,5,3_Random_Flat,Tr(SS),Hutchinson,196.309,2.77641e+10,2.77816e+10,0.000631151
5000,5,3_Random_Flat,Tr(SS),Hutch++,175.708,2.78529e+10,2.77816e+10,0.00256719
5000,6,3_Random_Flat,Tr(S),Hutchinson,106.073,8.3716e+06,8.33354e+06,0.00456724
5000,6,3_Random_Flat,Tr(S),Hutch++,145.189,8.36381e+06,8.33354e+06,0.00363259
5000,6,3_Random_Flat,Tr(SS),Hutchinson,229.502,2.79317e+10,2.77816e+10,0.00540167
5000,6,3_Random_Flat,Tr(SS),Hutch++,205.471,2.78616e+10,2.77816e+10,0.00288145
5000,7,3_Random_Flat,Tr(S),Hutchinson,124.151,8.32946e+06,8.33354e+06,0.00048884
5000,7,3_Random_Flat,Tr(S),Hutch++,155.944,8.34077e+06,8.33354e+06,0.000867429
5000,7,3_Random_Flat,Tr(SS),Hutchinson,251.603,2.77638e+10,2.77816e+10,0.000639221
5000,7,3_Random_Flat,Tr(SS),Hutch++,207.307,2.78161e+10,2.77816e+10,0.00124213
5000,8,3_Random_Flat,Tr(S),Hutchinson,124.426,8.31666e+06,8.33354e+06,0.00202567
5000,8,3_Random_Flat,Tr(S),Hutch++,149.514,8.36268e+06,8.33354e+06,0.00349766
5000,8,3_Random_Flat,Tr(SS),Hutchinson,229.68,2.76826e+10,2.77816e+10,0.00356413
5000,8,3_Random_Flat,Tr(SS),Hutch++,193.276,2.78648e+10,2.77816e+10,0.00299526
5000,9,3_Random_Flat,Tr(S),Hutchinson,114.253,8.33685e+06,8.33354e+06,0.000398067
5000,9,3_Random_Flat,Tr(S),Hutch++,144.915,8.26243e+06,8.33354e+06,0.00853311
5000,9,3_Random_Flat,Tr(SS),Hutchinson,227.334,2.78124e+10,2.77816e+10,0.00110852
5000,9,3_Random_Flat,Tr(SS),Hutch++,193.18,2.74128e+10,2.77816e+10,0.0132749
5000,10,3_Random_Flat,Tr(S),Hutchinson,113.968,8.34622e+06,8.33354e+06,0.00152209
5000,10,3_Random_Flat,Tr(S),Hutch++,146.895,8.33837e+06,8.33354e+06,0.000580017
5000,10,3_Random_Flat,Tr(SS),Hutchinson,228.652,2.7841e+10,2.77816e+10,0.00213774
5000,10,3_Random_Flat,Tr(SS),Hutch++,194.223,2.78409e+10,2.77816e+10,0.0021355
5000,11,3_Random_Flat,Tr(S),Hutchinson,113.505,8.32598e+06,8.33354e+06,0.000906689
5000,11,3_Random_Flat,Tr(S),Hutch++,144.545,8.39556e+06,8.33354e+06,0.00744215
5000,11,3_Random_Flat,Tr(SS),Hutchinson,228.029,2.7742e+10,2.77816e+10,0.00142466
5000,11,3_Random_Flat,Tr(SS),Hutch++,192.513,2.8028e+10,2.77816e+10,0.00886926
5000,12,3_Random_Flat,Tr(S),Hutchinson,114.926,8.32046e+06,8.33354e+06,0.0015696
5000,12,3_Random_Flat,Tr(S),Hutch++,145.476,8.3754e+06,8.33354e+06,0.00502404
5000,12,3_Random_Flat,Tr(SS),Hutchinson,228.493,2.77308e+10,2.77816e+10,0.00182655
5000,12,3_Random_Flat,Tr(SS),Hutch++,192.329,2.79145e+10,2.77816e+10,0.00478279
5000,13,3_Random_Flat,Tr(S),Hutchinson,111.733,8.33091e+06,8.33354e+06,0.000315546
5000,13,3_Random_Flat,Tr(S),Hutch++,144.267,8.35031e+06,8.33354e+06,0.00201258
5000,13,3_Random_Flat,Tr(SS),Hutchinson,197.095,2.77884e+10,2.77816e+10,0.000244677
5000,13,3_Random_Flat,Tr(SS),Hutch++,174.179,2.79158e+10,2.77816e+10,0.00483259
5000,14,3_Random_Flat,Tr(S),Hutchinson,98.7722,8.34319e+06,8.33354e+06,0.00115833
5000,14,3_Random_Flat,Tr(S),Hutch++,130.697,8.358e+06,8.33354e+06,0.00293595
5000,14,3_Random_Flat,Tr(SS),Hutchinson,196.232,2.7831e+10,2.77816e+10,0.0017769
5000,14,3_Random_Flat,Tr(SS),Hutch++,175.748,2.78677e+10,2.77816e+10,0.00309816
