r,sim,lambda_gfaic,lambda_mse,diff_lambda
0.1,0,7.90569e-05,7.90569e-07,7.82664e-05
0.1,1,7.90569e-05,7.90569e-07,7.82664e-05
0.1,2,7.90569e-05,7.90569e-07,7.82664e-05
0.1,3,7.90569e-05,7.90569e-07,7.82664e-05
0.1,4,7.90569e-05,7.90569e-07,7.82664e-05
0.1,5,7.90569e-05,7.90569e-07,7.82664e-05
0.1,6,7.90569e-05,7.90569e-07,7.82664e-05
0.1,7,7.90569e-05,7.90569e-07,7.82664e-05
0.1,8,7.90569e-05,7.90569e-07,7.82664e-05
0.1,9,7.90569e-05,7.90569e-07,7.82664e-05
0.5,0,2.5e-05,7.90569e-06,1.70943e-05
0.5,1,2.5e-05,7.90569e-06,1.70943e-05
0.5,2,2.5e-05,7.90569e-06,1.70943e-05
0.5,3,2.5e-05,7.90569e-06,1.70943e-05
0.5,4,7.90569e-05,7.90569e-06,7.11512e-05
0.5,5,2.5e-05,7.90569e-06,1.70943e-05
0.5,6,2.5e-05,7.90569e-06,1.70943e-05
0.5,7,7.90569e-06,7.90569e-06,0
0.5,8,2.5e-05,7.90569e-06,1.70943e-05
0.5,9,7.90569e-06,7.90569e-06,0
1,0,7.90569e-07,7.90569e-05,7.82664e-05
1,1,7.90569e-07,7.90569e-05,7.82664e-05
1,2,7.90569e-07,0.0790569,0.0790562
1,3,7.90569e-07,0.00025,0.000249209
1,4,7.90569e-07,2.5e-05,2.42094e-05
1,5,7.90569e-07,2.5e-05,2.42094e-05
1,6,7.90569e-07,0.0790569,0.0790562
1,7,2.5e-07,0.0790569,0.0790567
1,8,7.90569e-07,0.000790569,0.000789779
1,9,2.5e-07,7.90569e-05,7.88069e-05
