r,sim,lambda,gfaic,mse
0.1,0,2.5e-13,7.38903,0.0289964
0.1,0,7.90569e-13,7.38899,0.0289963
0.1,0,2.5e-12,7.38884,0.0289958
0.1,0,7.90569e-12,7.38836,0.0289942
0.1,0,2.5e-11,7.38685,0.0289891
0.1,0,7.90569e-11,7.38209,0.0289732
0.1,0,2.5e-10,7.36711,0.0289229
0.1,0,7.90569e-10,7.32027,0.0287658
0.1,0,2.5e-09,7.17762,0.0282867
0.1,0,7.90569e-09,6.77433,0.0269264
0.1,0,2.5e-08,5.83445,0.0237037
0.1,0,7.90569e-08,4.34152,0.018326
0.1,0,2.5e-07,2.9175,0.012858
0.1,0,7.90569e-07,2.02732,0.0107245
0.1,0,2.5e-06,1.57497,0.0163964
0.1,0,7.90569e-06,1.36135,0.0346169
0.1,0,2.5e-05,1.27,0.066788
0.1,0,7.90569e-05,1.24528,0.111119
0.1,0,0.00025,1.25074,0.156001
0.1,0,0.000790569,1.26,0.188426
0.1,0,0.0025,1.26506,0.207316
0.1,0,0.00790569,1.26708,0.217924
0.1,0,0.025,1.26692,0.223323
0.1,0,0.0790569,1.26617,0.225515
0.1,0,0.25,1.26574,0.226279
0.1,1,2.5e-13,7.38903,0.0277364
0.1,1,7.90569e-13,7.38899,0.0277363
0.1,1,2.5e-12,7.38883,0.0277358
0.1,1,7.90569e-12,7.38835,0.0277344
0.1,1,2.5e-11,7.38683,0.02773
0.1,1,7.90569e-11,7.38204,0.0277159
0.1,1,2.5e-10,7.36692,0.0276715
0.1,1,7.90569e-10,7.3197,0.0275327
0.1,1,2.5e-09,7.17585,0.0271074
0.1,1,7.90569e-09,6.76928,0.0258853
0.1,1,2.5e-08,5.82244,0.0229161
0.1,1,7.90569e-08,4.32185,0.0178221
0.1,1,2.5e-07,2.89669,0.0127346
0.1,1,7.90569e-07,2.00847,0.0110953
0.1,1,2.5e-06,1.55632,0.0169235
0.1,1,7.90569e-06,1.34236,0.0347408
0.1,1,2.5e-05,1.25173,0.0661736
0.1,1,7.90569e-05,1.22944,0.110185
0.1,1,0.00025,1.23823,0.155468
0.1,1,0.000790569,1.2503,0.188736
0.1,1,0.0025,1.25701,0.208341
0.1,1,0.00790569,1.25974,0.218998
0.1,1,0.025,1.26014,0.224169
0.1,1,0.0790569,1.25982,0.226234
0.1,1,0.25,1.2596,0.226953
0.1,2,2.5e-13,7.38903,0.031495
0.1,2,7.90569e-13,7.38899,0.0314949
0.1,2,2.5e-12,7.38884,0.0314944
0.1,2,7.90569e-12,7.38836,0.0314928
0.1,2,2.5e-11,7.38686,0.0314879
0.1,2,7.90569e-11,7.38211,0.0314724
0.1,2,2.5e-10,7.36715,0.0314236
0.1,2,7.90569e-10,7.32042,0.031271
0.1,2,2.5e-09,7.17804,0.0308037
0.1,2,7.90569e-09,6.77531,0.0294649
0.1,2,2.5e-08,5.83582,0.0262287
0.1,2,7.90569e-08,4.34225,0.02067
0.1,2,2.5e-07,2.91815,0.0148623
0.1,2,7.90569e-07,2.02772,0.0124407
0.1,2,2.5e-06,1.57437,0.0180126
0.1,2,7.90569e-06,1.36058,0.0364014
0.1,2,2.5e-05,1.26957,0.0690232
0.1,2,7.90569e-05,1.24402,0.113629
0.1,2,0.00025,1.24687,0.157829
0.1,2,0.000790569,1.25394,0.189587
0.1,2,0.0025,1.25796,0.208422
0.1,2,0.00790569,1.25907,0.218744
0.1,2,0.025,1.25839,0.22377
0.1,2,0.0790569,1.25752,0.225804
0.1,2,0.25,1.25708,0.226523
0.1,3,2.5e-13,7.38903,0.027285
0.1,3,7.90569e-13,7.38899,0.0272848
0.1,3,2.5e-12,7.38884,0.0272844
0.1,3,7.90569e-12,7.38836,0.027283
0.1,3,2.5e-11,7.38686,0.0272785
0.1,3,7.90569e-11,7.38213,0.0272645
0.1,3,2.5e-10,7.36721,0.0272204
0.1,3,7.90569e-10,7.32059,0.0270821
0.1,3,2.5e-09,7.17854,0.0266589
0.1,3,7.90569e-09,6.77658,0.0254443
0.1,3,2.5e-08,5.83802,0.0225014
0.1,3,7.90569e-08,4.34402,0.0174662
0.1,3,2.5e-07,2.91886,0.0123873
0.1,3,7.90569e-07,2.029,0.0106293
0.1,3,2.5e-06,1.57602,0.0160196
0.1,3,7.90569e-06,1.36099,0.0324984
0.1,3,2.5e-05,1.27038,0.0622193
0.1,3,7.90569e-05,1.25047,0.105996
0.1,3,0.00025,1.26201,0.152281
0.1,3,0.000790569,1.27599,0.186413
0.1,3,0.0025,1.28394,0.206629
0.1,3,0.00790569,1.28716,0.217776
0.1,3,0.025,1.28747,0.223261
0.1,3,0.0790569,1.28694,0.225462
0.1,3,0.25,1.28661,0.226229
0.1,4,2.5e-13,7.38903,0.0306224
0.1,4,7.90569e-13,7.38899,0.0306222
0.1,4,2.5e-12,7.38883,0.0306217
0.1,4,7.90569e-12,7.38835,0.0306202
0.1,4,2.5e-11,7.38684,0.0306154
0.1,4,7.90569e-11,7.38205,0.0306001
0.1,4,2.5e-10,7.36697,0.030552
0.1,4,7.90569e-10,7.31986,0.0304015
0.1,4,2.5e-09,7.17636,0.0299396
0.1,4,7.90569e-09,6.7708,0.0286071
0.1,4,2.5e-08,5.82643,0.0253403
0.1,4,7.90569e-08,4.32947,0.0196793
0.1,4,2.5e-07,2.90676,0.0140824
0.1,4,7.90569e-07,2.02032,0.0124898
0.1,4,2.5e-06,1.56986,0.0189094
0.1,4,7.90569e-06,1.35566,0.037443
0.1,4,2.5e-05,1.26156,0.0694942
0.1,4,7.90569e-05,1.23338,0.113727
0.1,4,0.00025,1.23555,0.158013
0.1,4,0.000790569,1.24288,0.189611
0.1,4,0.0025,1.24783,0.208262
0.1,4,0.00790569,1.25051,0.21895
0.1,4,0.025,1.25105,0.224462
0.1,4,0.0790569,1.25073,0.226725
0.1,4,0.25,1.25048,0.227519
0.1,5,2.5e-13,7.38903,0.0279599
0.1,5,7.90569e-13,7.38899,0.0279598
0.1,5,2.5e-12,7.38883,0.0279592
0.1,5,7.90569e-12,7.38836,0.0279575
0.1,5,2.5e-11,7.38684,0.0279519
0.1,5,7.90569e-11,7.38205,0.0279344
0.1,5,2.5e-10,7.36698,0.0278792
0.1,5,7.90569e-10,7.31988,0.0277066
0.1,5,2.5e-09,7.17642,0.0271792
0.1,5,7.90569e-09,6.77088,0.0256762
0.1,5,2.5e-08,5.82632,0.022107
0.1,5,7.90569e-08,4.32928,0.016316
0.1,5,2.5e-07,2.90797,0.0111499
0.1,5,7.90569e-07,2.02236,0.010023
0.1,5,2.5e-06,1.57121,0.0162536
0.1,5,7.90569e-06,1.35698,0.0340817
0.1,5,2.5e-05,1.26521,0.0653882
0.1,5,7.90569e-05,1.24178,0.109925
0.1,5,0.00025,1.24868,0.155591
0.1,5,0.000790569,1.25873,0.188455
0.1,5,0.0025,1.26459,0.207688
0.1,5,0.00790569,1.26736,0.218386
0.1,5,0.025,1.26788,0.223735
0.1,5,0.0790569,1.26758,0.225893
0.1,5,0.25,1.26735,0.226646
0.1,6,2.5e-13,7.38903,0.031356
0.1,6,7.90569e-13,7.38899,0.0313558
0.1,6,2.5e-12,7.38884,0.0313553
0.1,6,7.90569e-12,7.38836,0.0313537
0.1,6,2.5e-11,7.38686,0.0313487
0.1,6,7.90569e-11,7.38211,0.031333
0.1,6,2.5e-10,7.36716,0.0312833
0.1,6,7.90569e-10,7.32044,0.0311278
0.1,6,2.5e-09,7.17811,0.0306518
0.1,6,7.90569e-09,6.77558,0.0292867
0.1,6,2.5e-08,5.83663,0.0259741
0.1,6,7.90569e-08,4.34349,0.020222
0.1,6,2.5e-07,2.91872,0.0142101
0.1,6,7.90569e-07,2.02857,0.0119149
0.1,6,2.5e-06,1.57658,0.0175499
0.1,6,7.90569e-06,1.36352,0.0349899
0.1,6,2.5e-05,1.27294,0.0659088
0.1,6,7.90569e-05,1.24964,0.109962
0.1,6,0.00025,1.25655,0.154889
0.1,6,0.000790569,1.26787,0.187355
0.1,6,0.0025,1.27599,0.20673
0.1,6,0.00790569,1.28102,0.217708
0.1,6,0.025,1.28331,0.223327
0.1,6,0.0790569,1.28402,0.225699
0.1,6,0.25,1.28422,0.22656
0.1,7,2.5e-13,7.38903,0.0327424
0.1,7,7.90569e-13,7.38899,0.0327422
0.1,7,2.5e-12,7.38883,0.0327417
0.1,7,7.90569e-12,7.38835,0.03274
0.1,7,2.5e-11,7.38682,0.0327348
0.1,7,7.90569e-11,7.38198,0.0327184
0.1,7,2.5e-10,7.36675,0.0326665
0.1,7,7.90569e-10,7.31917,0.0325043
0.1,7,2.5e-09,7.1743,0.0320075
0.1,7,7.90569e-09,6.7652,0.0305823
0.1,7,2.5e-08,5.8146,0.0271234
0.1,7,7.90569e-08,4.31358,0.0211316
0.1,7,2.5e-07,2.89377,0.0148074
0.1,7,7.90569e-07,2.01303,0.0117186
0.1,7,2.5e-06,1.5686,0.0160409
0.1,7,7.90569e-06,1.36237,0.0334754
0.1,7,2.5e-05,1.27812,0.0663379
0.1,7,7.90569e-05,1.25868,0.112249
0.1,7,0.00025,1.26609,0.157667
0.1,7,0.000790569,1.27536,0.189395
0.1,7,0.0025,1.28056,0.207665
0.1,7,0.00790569,1.28295,0.218014
0.1,7,0.025,1.28312,0.223327
0.1,7,0.0790569,1.28253,0.225492
0.1,7,0.25,1.28216,0.226248
0.1,8,2.5e-13,7.38903,0.0276016
0.1,8,7.90569e-13,7.38899,0.0276015
0.1,8,2.5e-12,7.38883,0.0276011
0.1,8,7.90569e-12,7.38835,0.0275998
0.1,8,2.5e-11,7.38684,0.0275957
0.1,8,7.90569e-11,7.38205,0.0275827
0.1,8,2.5e-10,7.36696,0.0275418
0.1,8,7.90569e-10,7.31983,0.0274139
0.1,8,2.5e-09,7.17624,0.0270211
0.1,8,7.90569e-09,6.7702,0.0258846
0.1,8,2.5e-08,5.82369,0.0230743
0.1,8,7.90569e-08,4.32165,0.0180815
0.1,8,2.5e-07,2.89503,0.0128401
0.1,8,7.90569e-07,2.00957,0.0110794
0.1,8,2.5e-06,1.56271,0.017105
0.1,8,7.90569e-06,1.3524,0.0350243
0.1,8,2.5e-05,1.26321,0.0668828
0.1,8,7.90569e-05,1.24058,0.111727
0.1,8,0.00025,1.24737,0.15693
0.1,8,0.000790569,1.2577,0.189434
0.1,8,0.0025,1.26366,0.208772
0.1,8,0.00790569,1.26577,0.219415
0.1,8,0.025,1.26568,0.22456
0.1,8,0.0790569,1.26511,0.226598
0.1,8,0.25,1.2648,0.227304
0.1,9,2.5e-13,7.38903,0.0343211
0.1,9,7.90569e-13,7.38899,0.034321
0.1,9,2.5e-12,7.38883,0.0343204
0.1,9,7.90569e-12,7.38835,0.0343187
0.1,9,2.5e-11,7.38683,0.0343134
0.1,9,7.90569e-11,7.38201,0.0342964
0.1,9,2.5e-10,7.36684,0.0342431
0.1,9,7.90569e-10,7.31944,0.0340759
0.1,9,2.5e-09,7.17509,0.0335637
0.1,9,7.90569e-09,6.76717,0.032089
0.1,9,2.5e-08,5.81772,0.0284817
0.1,9,7.90569e-08,4.31482,0.022179
0.1,9,2.5e-07,2.89136,0.0156706
0.1,9,7.90569e-07,2.0096,0.0130982
0.1,9,2.5e-06,1.56461,0.0179705
0.1,9,7.90569e-06,1.35655,0.0345631
0.1,9,2.5e-05,1.27105,0.0661416
0.1,9,7.90569e-05,1.25133,0.111333
0.1,9,0.00025,1.25931,0.15683
0.1,9,0.000790569,1.26942,0.189056
0.1,9,0.0025,1.27512,0.207663
0.1,9,0.00790569,1.27792,0.218163
0.1,9,0.025,1.27851,0.223561
0.1,9,0.0790569,1.27822,0.225773
0.1,9,0.25,1.27799,0.226548
0.5,0,2.5e-13,7.38903,0.713489
0.5,0,7.90569e-13,7.38899,0.713485
0.5,0,2.5e-12,7.38884,0.713472
0.5,0,7.90569e-12,7.38836,0.713432
0.5,0,2.5e-11,7.38685,0.713306
0.5,0,7.90569e-11,7.38209,0.712906
0.5,0,2.5e-10,7.36711,0.711648
0.5,0,7.90569e-10,7.32032,0.707714
0.5,0,2.5e-09,7.17804,0.695712
0.5,0,7.90569e-09,6.77792,0.6616
0.5,0,2.5e-08,5.8586,0.580475
0.5,0,7.90569e-08,4.446,0.442803
0.5,0,2.5e-07,3.18788,0.290223
0.5,0,7.90569e-07,2.49514,0.172553
0.5,0,2.5e-06,2.20784,0.105755
0.5,0,7.90569e-06,2.10792,0.0870281
0.5,0,2.5e-05,2.08166,0.102331
0.5,0,7.90569e-05,2.08514,0.135017
0.5,0,0.00025,2.10222,0.170942
0.5,0,0.000790569,2.11764,0.197501
0.5,0,0.0025,2.12597,0.211902
0.5,0,0.00790569,2.13105,0.219852
0.5,0,0.025,2.1337,0.224135
0.5,0,0.0790569,2.13465,0.22599
0.5,0,0.25,2.13496,0.226674
0.5,1,2.5e-13,7.38903,0.68383
0.5,1,7.90569e-13,7.38899,0.683826
0.5,1,2.5e-12,7.38883,0.683815
0.5,1,7.90569e-12,7.38835,0.683779
0.5,1,2.5e-11,7.38683,0.683664
0.5,1,7.90569e-11,7.38204,0.683303
0.5,1,2.5e-10,7.36692,0.682164
0.5,1,7.90569e-10,7.31973,0.678599
0.5,1,2.5e-09,7.17616,0.667673
0.5,1,7.90569e-09,6.77198,0.636215
0.5,1,2.5e-08,5.84148,0.559285
0.5,1,7.90569e-08,4.41091,0.424495
0.5,1,2.5e-07,3.14346,0.276686
0.5,1,7.90569e-07,2.44541,0.167919
0.5,1,2.5e-06,2.14541,0.105859
0.5,1,7.90569e-06,2.03261,0.0861453
0.5,1,2.5e-05,1.99993,0.0975291
0.5,1,7.90569e-05,2.00689,0.128181
0.5,1,0.00025,2.03367,0.166407
0.5,1,0.000790569,2.05735,0.198225
0.5,1,0.0025,2.06809,0.217007
0.5,1,0.00790569,2.07044,0.226126
0.5,1,0.025,2.06973,0.230016
0.5,1,0.0790569,2.06885,0.231482
0.5,1,0.25,2.06842,0.231985
0.5,2,2.5e-13,7.38903,0.777152
0.5,2,7.90569e-13,7.38899,0.777148
0.5,2,2.5e-12,7.38884,0.777136
0.5,2,7.90569e-12,7.38836,0.777097
0.5,2,2.5e-11,7.38686,0.776973
0.5,2,7.90569e-11,7.38211,0.776584
0.5,2,2.5e-10,7.36716,0.775357
0.5,2,7.90569e-10,7.32046,0.771516
0.5,2,2.5e-09,7.17838,0.759759
0.5,2,7.90569e-09,6.77834,0.726031
0.5,2,2.5e-08,5.85691,0.644161
0.5,2,7.90569e-08,4.43831,0.501074
0.5,2,2.5e-07,3.17713,0.337976
0.5,2,7.90569e-07,2.48566,0.208689
0.5,2,2.5e-06,2.20112,0.132976
0.5,2,7.90569e-06,2.10495,0.10959
0.5,2,2.5e-05,2.08088,0.121262
0.5,2,7.90569e-05,2.08397,0.150037
0.5,2,0.00025,2.09573,0.180363
0.5,2,0.000790569,2.1067,0.202935
0.5,2,0.0025,2.11287,0.216582
0.5,2,0.00790569,2.11418,0.22293
0.5,2,0.025,2.11383,0.22543
0.5,2,0.0790569,2.11369,0.226543
0.5,2,0.25,2.1137,0.227012
0.5,3,2.5e-13,7.38903,0.671803
0.5,3,7.90569e-13,7.38899,0.6718
0.5,3,2.5e-12,7.38884,0.671789
0.5,3,7.90569e-12,7.38836,0.671754
0.5,3,2.5e-11,7.38686,0.671644
0.5,3,7.90569e-11,7.38213,0.671296
0.5,3,2.5e-10,7.36721,0.6702
0.5,3,7.90569e-10,7.32062,0.666769
0.5,3,2.5e-09,7.17885,0.656262
0.5,3,7.90569e-09,6.77934,0.626084
0.5,3,2.5e-08,5.85742,0.552728
0.5,3,7.90569e-08,4.43344,0.425384
0.5,3,2.5e-07,3.16151,0.285758
0.5,3,7.90569e-07,2.45431,0.182042
0.5,3,2.5e-06,2.15016,0.122856
0.5,3,7.90569e-06,2.03687,0.100239
0.5,3,2.5e-05,2.01267,0.102116
0.5,3,7.90569e-05,2.04262,0.126272
0.5,3,0.00025,2.0955,0.162176
0.5,3,0.000790569,2.14033,0.19225
0.5,3,0.0025,2.16697,0.211862
0.5,3,0.00790569,2.17855,0.223201
0.5,3,0.025,2.18171,0.228663
0.5,3,0.0790569,2.18208,0.23081
0.5,3,0.25,2.18204,0.231553
0.5,4,2.5e-13,7.38903,0.757564
0.5,4,7.90569e-13,7.38899,0.75756
0.5,4,2.5e-12,7.38883,0.757548
0.5,4,7.90569e-12,7.38835,0.75751
0.5,4,2.5e-11,7.38684,0.757388
0.5,4,7.90569e-11,7.38205,0.757005
0.5,4,2.5e-10,7.36698,0.755796
0.5,4,7.90569e-10,7.31989,0.75201
0.5,4,2.5e-09,7.17667,0.74039
0.5,4,7.90569e-09,6.77352,0.706811
0.5,4,2.5e-08,5.84588,0.624005
0.5,4,7.90569e-08,4.42205,0.477113
0.5,4,2.5e-07,3.16667,0.314325
0.5,4,7.90569e-07,2.48392,0.194399
0.5,4,2.5e-06,2.19725,0.126833
0.5,4,7.90569e-06,2.09053,0.105906
0.5,4,2.5e-05,2.05381,0.119451
0.5,4,7.90569e-05,2.04534,0.152345
0.5,4,0.00025,2.04866,0.186827
0.5,4,0.000790569,2.0538,0.210746
0.5,4,0.0025,2.05905,0.224579
0.5,4,0.00790569,2.06462,0.233189
0.5,4,0.025,2.06827,0.238208
0.5,4,0.0790569,2.06979,0.240474
0.5,4,0.25,2.07032,0.241322
0.5,5,2.5e-13,7.38903,0.693576
0.5,5,7.90569e-13,7.38899,0.693571
0.5,5,2.5e-12,7.38883,0.693557
0.5,5,7.90569e-12,7.38836,0.693513
0.5,5,2.5e-11,7.38684,0.693372
0.5,5,7.90569e-11,7.38206,0.692928
0.5,5,2.5e-10,7.36698,0.691527
0.5,5,7.90569e-10,7.31993,0.687148
0.5,5,2.5e-09,7.17684,0.673762
0.5,5,7.90569e-09,6.77463,0.635546
0.5,5,2.5e-08,5.8525,0.544275
0.5,5,7.90569e-08,4.44834,0.393164
0.5,5,2.5e-07,3.22191,0.244159
0.5,5,7.90569e-07,2.54691,0.148101
0.5,5,2.5e-06,2.2443,0.0952872
0.5,5,7.90569e-06,2.12303,0.0776884
0.5,5,2.5e-05,2.08624,0.089773
0.5,5,7.90569e-05,2.09361,0.123928
0.5,5,0.00025,2.11772,0.164355
0.5,5,0.000790569,2.13656,0.19405
0.5,5,0.0025,2.1464,0.211281
0.5,5,0.00790569,2.15074,0.220855
0.5,5,0.025,2.1519,0.225636
0.5,5,0.0790569,2.15187,0.227554
0.5,5,0.25,2.15174,0.22822
0.5,6,2.5e-13,7.38903,0.76802
0.5,6,7.90569e-13,7.38899,0.768017
0.5,6,2.5e-12,7.38884,0.768004
0.5,6,7.90569e-12,7.38836,0.767966
0.5,6,2.5e-11,7.38686,0.767844
0.5,6,7.90569e-11,7.38211,0.767458
0.5,6,2.5e-10,7.36716,0.766244
0.5,6,7.90569e-10,7.32048,0.762444
0.5,6,2.5e-09,7.17847,0.750815
0.5,6,7.90569e-09,6.77872,0.717461
0.5,6,2.5e-08,5.85829,0.636419
0.5,6,7.90569e-08,4.44114,0.494085
0.5,6,2.5e-07,3.18321,0.333097
0.5,6,7.90569e-07,2.49975,0.212207
0.5,6,2.5e-06,2.2199,0.144415
0.5,6,7.90569e-06,2.12314,0.117332
0.5,6,2.5e-05,2.10516,0.118669
0.5,6,7.90569e-05,2.12736,0.142731
0.5,6,0.00025,2.16364,0.175052
0.5,6,0.000790569,2.1952,0.200308
0.5,6,0.0025,2.21839,0.214987
0.5,6,0.00790569,2.23563,0.221569
0.5,6,0.025,2.24874,0.224605
0.5,6,0.0790569,2.25687,0.226625
0.5,6,0.25,2.26051,0.227672
0.5,7,2.5e-13,7.38903,0.804434
0.5,7,7.90569e-13,7.38899,0.80443
0.5,7,2.5e-12,7.38883,0.804417
0.5,7,7.90569e-12,7.38835,0.804375
0.5,7,2.5e-11,7.38682,0.804245
0.5,7,7.90569e-11,7.38198,0.803832
0.5,7,2.5e-10,7.36676,0.802533
0.5,7,7.90569e-10,7.31921,0.798466
0.5,7,2.5e-09,7.17469,0.786014
0.5,7,7.90569e-09,6.76864,0.750269
0.5,7,2.5e-08,5.83858,0.66336
0.5,7,7.90569e-08,4.42347,0.511596
0.5,7,2.5e-07,3.19306,0.343212
0.5,7,7.90569e-07,2.54025,0.216132
0.5,7,2.5e-06,2.28138,0.139215
0.5,7,7.90569e-06,2.20803,0.112953
0.5,7,2.5e-05,2.20944,0.12719
0.5,7,7.90569e-05,2.23656,0.159553
0.5,7,0.00025,2.26794,0.189447
0.5,7,0.000790569,2.2914,0.207084
0.5,7,0.0025,2.30633,0.216126
0.5,7,0.00790569,2.31602,0.221842
0.5,7,0.025,2.32139,0.22526
0.5,7,0.0790569,2.32372,0.226859
0.5,7,0.25,2.3246,0.227484
0.5,8,2.5e-13,7.38903,0.6836
0.5,8,7.90569e-13,7.38899,0.683597
0.5,8,2.5e-12,7.38883,0.683587
0.5,8,7.90569e-12,7.38835,0.683555
0.5,8,2.5e-11,7.38684,0.683454
0.5,8,7.90569e-11,7.38205,0.683134
0.5,8,2.5e-10,7.36697,0.682128
0.5,8,7.90569e-10,7.31985,0.678976
0.5,8,2.5e-09,7.17649,0.669295
0.5,8,7.90569e-09,6.77242,0.641261
0.5,8,2.5e-08,5.83965,0.571704
0.5,8,7.90569e-08,4.39832,0.446301
0.5,8,2.5e-07,3.11446,0.30317
0.5,8,7.90569e-07,2.41048,0.19556
0.5,8,2.5e-06,2.11534,0.134905
0.5,8,7.90569e-06,2.00904,0.11343
0.5,8,2.5e-05,1.98479,0.12343
0.5,8,7.90569e-05,1.99849,0.153343
0.5,8,0.00025,2.02618,0.185577
0.5,8,0.000790569,2.05129,0.209242
0.5,8,0.0025,2.06698,0.224396
0.5,8,0.00790569,2.07275,0.232345
0.5,8,0.025,2.07348,0.235627
0.5,8,0.0790569,2.07318,0.236832
0.5,8,0.25,2.07298,0.23725
0.5,9,2.5e-13,7.38903,0.843383
0.5,9,7.90569e-13,7.38899,0.843378
0.5,9,2.5e-12,7.38883,0.843365
0.5,9,7.90569e-12,7.38835,0.843322
0.5,9,2.5e-11,7.38683,0.843188
0.5,9,7.90569e-11,7.38201,0.842764
0.5,9,2.5e-10,7.36684,0.841427
0.5,9,7.90569e-10,7.31948,0.837239
0.5,9,2.5e-09,7.17546,0.824401
0.5,9,7.90569e-09,6.77042,0.787392
0.5,9,2.5e-08,5.84059,0.69647
0.5,9,7.90569e-08,4.42128,0.534852
0.5,9,2.5e-07,3.18834,0.353696
0.5,9,7.90569e-07,2.54391,0.221524
0.5,9,2.5e-06,2.29054,0.142589
0.5,9,7.90569e-06,2.21376,0.103348
0.5,9,2.5e-05,2.21931,0.105236
0.5,9,7.90569e-05,2.25393,0.137395
0.5,9,0.00025,2.28718,0.174374
0.5,9,0.000790569,2.30797,0.198626
0.5,9,0.0025,2.31958,0.211304
0.5,9,0.00790569,2.32703,0.219411
0.5,9,0.025,2.33062,0.224347
0.5,9,0.0790569,2.33168,0.226523
0.5,9,0.25,2.33195,0.227304
1,0,2.5e-13,7.38903,2.85157
1,0,7.90569e-13,7.38899,2.85155
1,0,2.5e-12,7.38884,2.8515
1,0,7.90569e-12,7.38836,2.85134
1,0,2.5e-11,7.38685,2.85084
1,0,7.90569e-11,7.3821,2.84924
1,0,2.5e-10,7.36712,2.8442
1,0,7.90569e-10,7.32045,2.82846
1,0,2.5e-09,7.17934,2.78043
1,0,7.90569e-09,6.78914,2.64392
1,0,2.5e-08,5.93414,2.31923
1,0,7.90569e-08,4.77286,1.76797
1,0,2.5e-07,4.03376,1.1558
1,0,7.90569e-07,3.95819,0.678152
1,0,2.5e-06,4.18327,0.384541
1,0,7.90569e-06,4.43219,0.244367
1,0,2.5e-05,4.6111,0.200256
1,0,7.90569e-05,4.7188,0.198792
1,0,0.00025,4.78761,0.211615
1,0,0.000790569,4.83241,0.2226
1,0,0.0025,4.85842,0.226363
1,0,0.00790569,4.87546,0.227388
1,0,0.025,4.88715,0.228132
1,0,0.0790569,4.89369,0.228923
1,0,0.25,4.89648,0.2294
1,1,2.5e-13,7.38903,2.73385
1,1,7.90569e-13,7.38899,2.73384
1,1,2.5e-12,7.38883,2.73379
1,1,7.90569e-12,7.38835,2.73365
1,1,2.5e-11,7.38683,2.73319
1,1,7.90569e-11,7.38204,2.73174
1,1,2.5e-10,7.36693,2.72717
1,1,7.90569e-10,7.31983,2.71286
1,1,2.5e-09,7.17712,2.669
1,1,7.90569e-09,6.78042,2.5427
1,1,2.5e-08,5.90117,2.23372
1,1,7.90569e-08,4.69059,1.69188
1,1,2.5e-07,3.92006,1.09643
1,1,7.90569e-07,3.82373,0.652666
1,1,2.5e-06,4.00751,0.378423
1,1,7.90569e-06,4.21836,0.238846
1,1,2.5e-05,4.37754,0.186326
1,1,7.90569e-05,4.48789,0.17972
1,1,0.00025,4.57326,0.197868
1,1,0.000790569,4.63102,0.221982
1,1,0.0025,4.65738,0.236523
1,1,0.00790569,4.66522,0.242189
1,1,0.025,4.66627,0.244024
1,1,0.0790569,4.66602,0.244657
1,1,0.25,4.66582,0.244882
1,2,2.5e-13,7.38903,3.10682
1,2,7.90569e-13,7.38899,3.1068
1,2,2.5e-12,7.38884,3.10676
1,2,7.90569e-12,7.38836,3.1066
1,2,2.5e-11,7.38686,3.10611
1,2,7.90569e-11,7.38211,3.10455
1,2,2.5e-10,7.36717,3.09963
1,2,7.90569e-10,7.32057,3.08425
1,2,2.5e-09,7.17947,3.03718
1,2,7.90569e-09,6.78781,2.90213
1,2,2.5e-08,5.92292,2.57426
1,2,7.90569e-08,4.73897,2.00089
1,2,2.5e-07,3.98812,1.34564
1,2,7.90569e-07,3.92056,0.819314
1,2,2.5e-06,4.16477,0.486833
1,2,7.90569e-06,4.43648,0.323591
1,2,2.5e-05,4.63111,0.257503
1,2,7.90569e-05,4.75215,0.235007
1,2,0.00025,4.82467,0.23116
1,2,0.000790569,4.86843,0.232546
1,2,0.0025,4.89325,0.233601
1,2,0.00790569,4.90449,0.23099
1,2,0.025,4.91084,0.228372
1,2,0.0790569,4.91514,0.227798
1,2,0.25,4.91722,0.22787
1,3,2.5e-13,7.38903,2.68538
1,3,7.90569e-13,7.38899,2.68536
1,3,2.5e-12,7.38884,2.68532
1,3,7.90569e-12,7.38836,2.68518
1,3,2.5e-11,7.38686,2.68474
1,3,7.90569e-11,7.38213,2.68335
1,3,2.5e-10,7.36722,2.67897
1,3,7.90569e-10,7.32073,2.66525
1,3,2.5e-09,7.17984,2.62326
1,3,7.90569e-09,6.78797,2.50263
1,3,2.5e-08,5.91802,2.2094
1,3,7.90569e-08,4.71273,1.70033
1,3,2.5e-07,3.91927,1.14159
1,3,7.90569e-07,3.78137,0.722042
1,3,2.5e-06,3.93761,0.466205
1,3,7.90569e-06,4.13176,0.330296
1,3,2.5e-05,4.29604,0.256396
1,3,7.90569e-05,4.45106,0.223489
1,3,0.00025,4.59837,0.218664
1,3,0.000790569,4.71639,0.224134
1,3,0.0025,4.79289,0.234772
1,3,0.00790569,4.82945,0.244306
1,3,0.025,4.84226,0.249283
1,3,0.0790569,4.84603,0.251273
1,3,0.25,4.84712,0.251974
1,4,2.5e-13,7.38903,3.02958
1,4,7.90569e-13,7.38899,3.02957
1,4,2.5e-12,7.38883,3.02952
1,4,7.90569e-12,7.38835,3.02937
1,4,2.5e-11,7.38684,3.02888
1,4,7.90569e-11,7.38205,3.02734
1,4,2.5e-10,7.36699,3.0225
1,4,7.90569e-10,7.31999,3.00734
1,4,2.5e-09,7.17763,2.96082
1,4,7.90569e-09,6.78201,2.82636
1,4,2.5e-08,5.90661,2.49466
1,4,7.90569e-08,4.71116,1.90545
1,4,2.5e-07,3.97835,1.24896
1,4,7.90569e-07,3.93378,0.754395
1,4,2.5e-06,4.16653,0.447978
1,4,7.90569e-06,4.41278,0.29399
1,4,2.5e-05,4.58531,0.243468
1,4,7.90569e-05,4.67844,0.24417
1,4,0.00025,4.72197,0.257951
1,4,0.000790569,4.74324,0.2674
1,4,0.0025,4.75855,0.271575
1,4,0.00790569,4.77364,0.274585
1,4,0.025,4.78552,0.277228
1,4,0.0790569,4.79214,0.278981
1,4,0.25,4.79491,0.27981
1,5,2.5e-13,7.38903,2.77492
1,5,7.90569e-13,7.38899,2.7749
1,5,2.5e-12,7.38883,2.77484
1,5,7.90569e-12,7.38836,2.77466
1,5,2.5e-11,7.38684,2.7741
1,5,7.90569e-11,7.38206,2.77232
1,5,2.5e-10,7.367,2.76671
1,5,7.90569e-10,7.32007,2.74915
1,5,2.5e-09,7.17819,2.6955
1,5,7.90569e-09,6.78637,2.54231
1,5,2.5e-08,5.93449,2.17629
1,5,7.90569e-08,4.82156,1.56972
1,5,2.5e-07,4.20758,0.969868
1,5,7.90569e-07,4.19692,0.57689
1,5,2.5e-06,4.36382,0.339221
1,5,7.90569e-06,4.53666,0.209029
1,5,2.5e-05,4.67722,0.161242
1,5,7.90569e-05,4.78426,0.163821
1,5,0.00025,4.86297,0.187094
1,5,0.000790569,4.91138,0.206709
1,5,0.0025,4.93703,0.218919
1,5,0.00790569,4.94873,0.226132
1,5,0.025,4.95319,0.229749
1,5,0.0790569,4.95467,0.231234
1,5,0.25,4.95514,0.231773
1,6,2.5e-13,7.38903,3.06747
1,6,7.90569e-13,7.38899,3.06745
1,6,2.5e-12,7.38884,3.0674
1,6,7.90569e-12,7.38836,3.06725
1,6,2.5e-11,7.38686,3.06676
1,6,7.90569e-11,7.38211,3.06523
1,6,2.5e-10,7.36718,3.06038
1,6,7.90569e-10,7.3206,3.04522
1,6,2.5e-09,7.1796,2.99883
1,6,7.90569e-09,6.78851,2.86579
1,6,2.5e-08,5.92574,2.5426
1,6,7.90569e-08,4.74503,1.97504
1,6,2.5e-07,4.00464,1.33183
1,6,7.90569e-07,3.95958,0.841716
1,6,2.5e-06,4.20781,0.544092
1,6,7.90569e-06,4.46497,0.376074
1,6,2.5e-05,4.66845,0.284768
1,6,7.90569e-05,4.83112,0.247978
1,6,0.00025,4.95821,0.244001
1,6,0.000790569,5.04778,0.248627
1,6,0.0025,5.10843,0.247571
1,6,0.00790569,5.154,0.23782
1,6,0.025,5.19381,0.230205
1,6,0.0790569,5.22135,0.229485
1,6,0.25,5.23416,0.230382
1,7,2.5e-13,7.38903,3.214
1,7,7.90569e-13,7.38899,3.21398
1,7,2.5e-12,7.38883,3.21393
1,7,7.90569e-12,7.38835,3.21376
1,7,2.5e-11,7.38682,3.21324
1,7,7.90569e-11,7.38198,3.21159
1,7,2.5e-10,7.36677,3.20639
1,7,7.90569e-10,7.31934,3.19011
1,7,2.5e-09,7.17592,3.14028
1,7,7.90569e-09,6.77939,2.99723
1,7,2.5e-08,5.9136,2.64947
1,7,7.90569e-08,4.76741,2.04247
1,7,2.5e-07,4.13014,1.36989
1,7,7.90569e-07,4.18974,0.861831
1,7,2.5e-06,4.50242,0.539557
1,7,7.90569e-06,4.81989,0.375299
1,7,2.5e-05,5.06171,0.317747
1,7,7.90569e-05,5.22396,0.295083
1,7,0.00025,5.33861,0.274051
1,7,0.000790569,5.42145,0.253616
1,7,0.0025,5.47737,0.241004
1,7,0.00790569,5.51263,0.235222
1,7,0.025,5.53421,0.233154
1,7,0.0790569,5.54572,0.233126
1,7,0.25,5.55055,0.233435
1,8,2.5e-13,7.38903,2.7345
1,8,7.90569e-13,7.38899,2.73449
1,8,2.5e-12,7.38883,2.73445
1,8,7.90569e-12,7.38835,2.73432
1,8,2.5e-11,7.38684,2.73392
1,8,7.90569e-11,7.38205,2.73265
1,8,2.5e-10,7.36697,2.72863
1,8,7.90569e-10,7.31994,2.71604
1,8,2.5e-09,7.17727,2.67738
1,8,7.90569e-09,6.77937,2.56542
1,8,2.5e-08,5.88945,2.28763
1,8,7.90569e-08,4.6375,1.78677
1,8,2.5e-07,3.7987,1.21429
1,8,7.90569e-07,3.6586,0.77725
1,8,2.5e-06,3.83185,0.506859
1,8,7.90569e-06,4.04596,0.358085
1,8,2.5e-05,4.22434,0.294013
1,8,7.90569e-05,4.35693,0.273666
1,8,0.00025,4.45804,0.265852
1,8,0.000790569,4.53533,0.262837
1,8,0.0025,4.58605,0.264388
1,8,0.00790569,4.61011,0.264974
1,8,0.025,4.61932,0.264391
1,8,0.0790569,4.6229,0.264178
1,8,0.25,4.62423,0.264177
1,9,2.5e-13,7.38903,3.36953
1,9,7.90569e-13,7.38899,3.36952
1,9,2.5e-12,7.38883,3.36946
1,9,7.90569e-12,7.38835,3.36929
1,9,2.5e-11,7.38683,3.36875
1,9,7.90569e-11,7.38201,3.36706
1,9,2.5e-10,7.36686,3.3617
1,9,7.90569e-10,7.3196,3.34495
1,9,2.5e-09,7.17662,3.29357
1,9,7.90569e-09,6.78058,3.14545
1,9,2.5e-08,5.91201,2.78149
1,9,7.90569e-08,4.75385,2.13403
1,9,2.5e-07,4.11618,1.40627
1,9,7.90569e-07,4.21395,0.868851
1,9,2.5e-06,4.56108,0.530619
1,9,7.90569e-06,4.89105,0.318481
1,9,2.5e-05,5.17152,0.221408
1,9,7.90569e-05,5.37348,0.206829
1,9,0.00025,5.4919,0.216692
1,9,0.000790569,5.5551,0.219788
1,9,0.0025,5.59223,0.219334
1,9,0.00790569,5.61569,0.22241
1,9,0.025,5.62785,0.226124
1,9,0.0790569,5.63264,0.228104
1,9,0.25,5.63428,0.228871
